Issue_URL,Label1,Label2,Label3,Label4,Label5,Label6,Label7,Final_Label
https://github.com/NVIDIA/Megatron-LM/issues/1516,A.3,A.3,A.3,A.3,A.3,A.3,A.3,A.3
https://github.com/NVIDIA/Megatron-LM/issues/1515,C.5,C.5,C.1,C.1,C.5,C.5,C.5,C.5
https://github.com/NVIDIA/Megatron-LM/issues/1514,C.5,C.5,C.5,C.5,C.5,C.5,C.5,C.5
https://github.com/NVIDIA/Megatron-LM/issues/1513,C.4,C.4,C.4,C.4,C.4,C.4,C.4,C.4
https://github.com/NVIDIA/Megatron-LM/issues/1512,C.6,C.6,C.6,C.6,C.10,C.6,C.5,C.6
https://github.com/NVIDIA/Megatron-LM/issues/1511,B.2,B.2,B.2,B.2,B.2,B.1,B.1,B.2
https://github.com/NVIDIA/Megatron-LM/issues/1510,A.3,A.3,A.3,A.3,A.3,A.3,A.3,A.3
https://github.com/NVIDIA/Megatron-LM/issues/1509,B.2,B.2,B.2,B.1,B.4,B.2,B.2,B.2
https://github.com/NVIDIA/Megatron-LM/issues/1508,C.5,C.5,C.5,C.5,C.5,C.5,C.4,C.5
https://github.com/NVIDIA/Megatron-LM/issues/1507,B.1,B.1,B.1,B.1,B.1,B.1,B.4,B.1
https://github.com/NVIDIA/Megatron-LM/issues/1506,C.9,C.9,C.9,C.9,C.9,C.9,C.9,C.9
https://github.com/NVIDIA/Megatron-LM/issues/1505,C.9,C.9,C.9,C.9,C.9,C.2,C.9,C.9
https://github.com/NVIDIA/Megatron-LM/issues/1504,A.2,A.2,A.2,A.2,A.2,A.2,A.2,A.2
https://github.com/NVIDIA/Megatron-LM/issues/1503,C.3,C.3,C.4,C.3,C.3,C.3,C.3,C.3
https://github.com/NVIDIA/Megatron-LM/issues/1502,C.9,C.9,C.9,C.9,C.9,C.9,C.9,C.9
https://github.com/NVIDIA/Megatron-LM/issues/1501,C.4,C.4,C.4,C.4,C.4,C.4,C.10,C.4
https://github.com/NVIDIA/Megatron-LM/issues/1500,C.5,C.4,C.5,C.5,C.5,C.8,C.5,C.5
https://github.com/NVIDIA/Megatron-LM/issues/1499,C.9,C.9,C.9,C.9,C.9,C.9,C.9,C.9
https://github.com/NVIDIA/Megatron-LM/issues/1498,B.2,B.2,B.2,B.2,B.1,B.2,B.2,B.2
https://github.com/NVIDIA/Megatron-LM/issues/1497,C.5,C.5,C.2,C.1,C.5,C.5,C.5,C.5
https://github.com/NVIDIA/Megatron-LM/issues/1496,B.1,B.1,B.1,B.1,B.1,B.1,B.1,B.1
https://github.com/NVIDIA/Megatron-LM/issues/1495,C.3,C.3,C.3,C.3,C.3,C.3,C.5,C.3
https://github.com/NVIDIA/Megatron-LM/issues/1494,A.3,A.3,A.3,A.3,A.3,A.3,A.2,A.3
https://github.com/NVIDIA/Megatron-LM/issues/1493,A.3,A.3,A.3,A.3,A.3,A.3,A.3,A.3
https://github.com/NVIDIA/Megatron-LM/issues/1491,A.2,A.2,A.2,A.2,A.2,A.2,A.2,A.2
https://github.com/NVIDIA/Megatron-LM/issues/1490,B.2,B.2,B.2,B.3,B.2,B.2,B.2,B.2
https://github.com/NVIDIA/Megatron-LM/issues/1489,B.2,B.2,B.2,B.2,B.4,B.2,B.2,B.2
https://github.com/NVIDIA/Megatron-LM/issues/1488,C.5,C.5,C.5,C.5,C.5,C.5,B.3,C.5
https://github.com/NVIDIA/Megatron-LM/issues/1487,C.9,C.3,C.9,C.9,C.9,C.7,C.9,C.9
https://github.com/NVIDIA/Megatron-LM/issues/1485,C.3,C.3,C.3,C.5,C.3,C.3,C.3,C.3
https://github.com/NVIDIA/Megatron-LM/issues/1484,C.3,C.3,C.3,C.3,C.3,C.3,C.3,C.3
https://github.com/NVIDIA/Megatron-LM/issues/1483,B.1,B.1,B.1,B.1,B.1,B.1,B.1,B.1
https://github.com/NVIDIA/Megatron-LM/issues/1482,C.4,C.4,C.4,C.4,C.4,C.4,C.4,C.4
https://github.com/NVIDIA/Megatron-LM/issues/1481,A.3,A.3,A.3,A.3,A.3,A.3,A.3,A.3
https://github.com/NVIDIA/Megatron-LM/issues/1480,B.2,B.2,B.2,B.2,B.2,B.2,B.2,B.2
https://github.com/NVIDIA/Megatron-LM/issues/1479,C.5,C.5,C.5,C.5,C.5,C.5,C.5,C.5
https://github.com/NVIDIA/Megatron-LM/issues/1478,C.4,C.4,C.4,C.4,C.3,C.4,C.4,C.4
https://github.com/NVIDIA/Megatron-LM/issues/1477,A.3,A.3,A.3,A.3,A.3,A.3,A.3,A.3
https://github.com/NVIDIA/Megatron-LM/issues/1476,C.8,C.8,C.8,C.8,C.8,C.8,C.8,C.8
https://github.com/NVIDIA/Megatron-LM/issues/1475,B.2,B.2,B.2,B.2,B.2,B.2,B.1,B.2
https://github.com/NVIDIA/Megatron-LM/issues/1474,B.2,B.2,B.2,B.2,B.2,B.1,B.2,B.2
https://github.com/NVIDIA/Megatron-LM/issues/1473,C.9,C.9,C.9,C.9,C.9,C.9,C.8,C.9
https://github.com/NVIDIA/Megatron-LM/issues/1472,C.9,C.9,C.9,C.9,C.9,C.9,C.9,C.9
https://github.com/NVIDIA/Megatron-LM/issues/1471,C.9,C.9,C.9,C.9,C.9,C.9,C.9,C.9
https://github.com/NVIDIA/Megatron-LM/issues/1470,C.9,C.9,C.9,C.9,C.9,C.9,C.9,C.9
https://github.com/NVIDIA/Megatron-LM/issues/1469,C.5,C.5,C.1,C.5,C.5,C.4,C.5,C.5
https://github.com/NVIDIA/Megatron-LM/issues/1468,B.3,B.3,B.1,B.3,B.2,B.3,B.3,B.3
https://github.com/NVIDIA/Megatron-LM/issues/1467,B.2,B.2,B.2,B.2,B.2,B.2,B.2,B.2
https://github.com/NVIDIA/Megatron-LM/issues/1466,C.6,C.6,C.1,C.6,B.2,C.6,C.6,C.6
https://github.com/NVIDIA/Megatron-LM/issues/1465,C.5,C.5,C.5,C.5,C.5,C.5,C.3,C.5
https://github.com/NVIDIA/Megatron-LM/issues/1464,C.3,C.3,C.6,C.3,C.3,C.3,C.3,C.3
https://github.com/NVIDIA/Megatron-LM/issues/1463,A.2,A.2,A.2,A.2,A.2,A.2,A.2,A.2
https://github.com/NVIDIA/Megatron-LM/issues/1462,C.3,C.3,C.3,C.3,C.5,C.3,C.3,C.3
https://github.com/NVIDIA/Megatron-LM/issues/1461,C.5,C.5,C.5,C.5,C.5,C.7,C.7,C.5
https://github.com/NVIDIA/Megatron-LM/issues/1460,C.9,C.9,C.9,B.3,C.9,C.9,C.9,C.9
https://github.com/NVIDIA/Megatron-LM/issues/1459,C.3,C.3,C.3,C.3,C.3,C.3,C.3,C.3
https://github.com/NVIDIA/Megatron-LM/issues/1456,B.2,B.2,B.2,B.2,B.2,B.2,B.3,B.2
https://github.com/NVIDIA/Megatron-LM/issues/1455,B.2,B.2,B.2,B.3,B.2,B.2,B.2,B.2
https://github.com/NVIDIA/Megatron-LM/issues/1454,B.2,B.2,B.2,B.2,B.2,B.2,B.2,B.2
https://github.com/NVIDIA/Megatron-LM/issues/1453,B.1,B.1,B.1,B.1,B.1,B.1,B.1,B.1
https://github.com/NVIDIA/Megatron-LM/issues/1452,B.3,B.3,B.3,B.3,B.4,B.3,B.3,B.3
https://github.com/NVIDIA/Megatron-LM/issues/1451,C.3,C.3,C.3,C.3,C.3,C.3,C.3,C.3
https://github.com/NVIDIA/Megatron-LM/issues/1450,C.3,C.3,C.3,C.3,C.3,C.3,C.10,C.3
https://github.com/NVIDIA/Megatron-LM/issues/1449,C.5,C.5,C.5,C.5,C.5,C.2,C.8,C.5
https://github.com/NVIDIA/Megatron-LM/issues/1448,B.2,B.2,B.2,B.2,B.4,B.2,B.2,B.2
https://github.com/NVIDIA/Megatron-LM/issues/1447,B.2,B.2,B.2,B.2,B.2,B.2,B.2,B.2
https://github.com/NVIDIA/Megatron-LM/issues/1446,C.3,C.3,C.3,C.3,C.3,C.3,C.3,C.3
https://github.com/NVIDIA/Megatron-LM/issues/1445,B.2,B.2,B.2,B.2,B.2,B.2,B.2,B.2
https://github.com/NVIDIA/Megatron-LM/issues/1444,C.3,C.3,C.3,C.3,C.3,C.2,C.3,C.3
https://github.com/NVIDIA/Megatron-LM/issues/1443,C.3,C.1,C.3,C.3,C.3,C.3,C.1,C.3
https://github.com/NVIDIA/Megatron-LM/issues/1442,B.2,B.2,B.2,B.2,B.2,B.2,B.2,B.2
https://github.com/NVIDIA/Megatron-LM/issues/1441,B.2,B.2,B.2,B.2,B.2,B.2,B.4,B.2
https://github.com/NVIDIA/Megatron-LM/issues/1440,A.3,A.3,A.3,A.3,A.3,A.3,A.3,A.3
https://github.com/NVIDIA/Megatron-LM/issues/1439,C.5,C.5,C.5,C.5,C.5,C.5,C.5,C.5
https://github.com/NVIDIA/Megatron-LM/issues/1438,C.5,C.5,C.5,C.3,C.5,C.5,C.9,C.5
https://github.com/NVIDIA/Megatron-LM/issues/1437,B.2,B.2,B.2,B.2,B.2,B.1,B.2,B.2
https://github.com/NVIDIA/Megatron-LM/issues/1436,B.1,B.1,B.1,B.1,B.1,B.1,B.1,B.1
https://github.com/NVIDIA/Megatron-LM/issues/1435,B.3,B.3,B.3,B.3,B.3,B.3,B.3,B.3
https://github.com/NVIDIA/Megatron-LM/issues/1434,C.5,C.5,C.5,C.5,C.5,C.5,C.5,C.5
https://github.com/NVIDIA/Megatron-LM/issues/1433,C.5,C.5,C.5,C.5,C.5,C.5,C.5,C.5
https://github.com/NVIDIA/Megatron-LM/issues/1432,B.2,B.2,B.2,B.2,B.3,B.2,B.2,B.2
https://github.com/NVIDIA/Megatron-LM/issues/1431,B.1,B.1,B.1,B.1,B.1,B.1,B.4,B.1
https://github.com/NVIDIA/Megatron-LM/issues/1430,C.9,C.9,C.9,C.9,C.9,C.9,C.9,C.9
https://github.com/NVIDIA/Megatron-LM/issues/1429,C.9,C.9,C.9,C.9,C.9,C.9,C.9,C.9
https://github.com/NVIDIA/Megatron-LM/issues/1428,C.3,C.3,C.3,C.3,C.3,C.3,C.3,C.3
https://github.com/NVIDIA/Megatron-LM/issues/1427,B.2,B.2,B.2,B.2,B.2,B.2,B.2,B.2
https://github.com/NVIDIA/Megatron-LM/issues/1426,C.9,C.2,C.9,C.9,C.9,C.9,C.1,C.9
https://github.com/NVIDIA/Megatron-LM/issues/1425,B.2,B.2,B.2,B.2,B.2,B.2,B.2,B.2
https://github.com/NVIDIA/Megatron-LM/issues/1424,B.2,B.2,B.2,B.2,B.2,B.2,B.2,B.2
https://github.com/NVIDIA/Megatron-LM/issues/1423,A.3,A.3,A.3,A.3,A.3,A.3,A.3,A.3
https://github.com/NVIDIA/Megatron-LM/issues/1422,C.9,C.9,C.9,C.9,C.4,C.9,C.3,C.9
https://github.com/NVIDIA/Megatron-LM/issues/1421,C.4,C.4,C.4,C.4,C.4,C.4,C.4,C.4
https://github.com/NVIDIA/Megatron-LM/issues/1420,C.9,C.9,C.9,C.9,C.9,C.9,C.9,C.9
https://github.com/NVIDIA/Megatron-LM/issues/1419,C.4,C.4,C.4,C.4,C.4,C.4,C.4,C.4
https://github.com/NVIDIA/Megatron-LM/issues/1418,B.2,B.2,B.2,B.2,B.2,B.2,B.2,B.2
https://github.com/NVIDIA/Megatron-LM/issues/1417,C.5,C.5,C.5,C.5,C.5,C.10,C.2,C.5
https://github.com/NVIDIA/Megatron-LM/issues/1416,C.3,C.3,C.3,C.3,C.3,C.3,C.3,C.3
https://github.com/NVIDIA/Megatron-LM/issues/1415,B.2,B.2,B.2,B.2,B.2,B.4,B.3,B.2
https://github.com/NVIDIA/Megatron-LM/issues/1414,B.2,B.2,B.2,B.2,B.3,B.2,C.5,B.2
https://github.com/NVIDIA/Megatron-LM/issues/1413,C.5,C.5,C.5,C.5,C.5,C.5,C.5,C.5
https://github.com/NVIDIA/Megatron-LM/issues/1412,C.5,C.5,C.5,C.5,C.5,C.5,C.5,C.5
https://github.com/NVIDIA/Megatron-LM/issues/1411,C.5,C.5,C.5,C.5,C.5,C.5,C.5,C.5
https://github.com/NVIDIA/Megatron-LM/issues/1410,C.4,C.4,C.4,C.4,C.4,C.4,C.4,C.4
https://github.com/NVIDIA/Megatron-LM/issues/1409,B.2,B.2,B.2,B.2,B.2,B.2,B.2,B.2
https://github.com/NVIDIA/Megatron-LM/issues/1408,B.2,B.2,B.2,B.4,B.2,C.5,B.2,B.2
https://github.com/NVIDIA/Megatron-LM/issues/1407,C.4,C.4,C.4,C.4,C.4,C.2,C.4,C.4
https://github.com/NVIDIA/Megatron-LM/issues/1406,B.1,B.1,B.1,B.1,B.2,B.1,B.1,B.1
https://github.com/NVIDIA/Megatron-LM/issues/1405,C.5,C.5,C.5,C.5,C.6,C.5,C.5,C.5
https://github.com/NVIDIA/Megatron-LM/issues/1404,B.2,B.2,B.2,B.3,B.2,B.2,B.2,B.2
https://github.com/NVIDIA/Megatron-LM/issues/1403,A.3,A.3,A.3,A.3,A.3,A.3,A.3,A.3
https://github.com/NVIDIA/Megatron-LM/issues/1402,B.1,B.1,B.1,B.1,B.1,B.1,B.1,B.1
https://github.com/NVIDIA/Megatron-LM/issues/1401,A.2,A.2,A.2,A.2,A.2,A.2,A.2,A.2
https://github.com/NVIDIA/Megatron-LM/issues/1400,B.4,B.4,B.4,B.1,B.4,B.2,B.4,B.4
https://github.com/NVIDIA/Megatron-LM/issues/1399,B.2,B.2,B.2,B.2,B.2,B.2,B.2,B.2
https://github.com/NVIDIA/Megatron-LM/issues/1398,A.3,A.3,A.3,A.3,A.3,A.3,A.3,A.3
https://github.com/NVIDIA/Megatron-LM/issues/1397,B.2,B.2,B.1,B.2,B.2,B.2,B.2,B.2
https://github.com/NVIDIA/Megatron-LM/issues/1396,C.9,C.9,C.9,C.9,C.8,C.9,C.9,C.9
https://github.com/NVIDIA/Megatron-LM/issues/1395,B.1,B.2,B.1,B.1,B.1,B.1,B.1,B.1
https://github.com/NVIDIA/Megatron-LM/issues/1394,C.9,C.9,C.9,C.9,C.9,C.9,C.9,C.9
https://github.com/NVIDIA/Megatron-LM/issues/1393,B.2,B.2,B.2,B.2,B.2,B.2,B.2,B.2
https://github.com/NVIDIA/Megatron-LM/issues/1392,B.2,B.2,B.2,B.2,B.2,B.2,B.2,B.2
https://github.com/NVIDIA/Megatron-LM/issues/1391,B.4,B.4,B.4,B.4,B.4,B.4,B.4,B.4
https://github.com/NVIDIA/Megatron-LM/issues/1390,B.2,B.2,B.2,B.2,B.2,B.2,B.2,B.2
https://github.com/NVIDIA/Megatron-LM/issues/1389,A.2,A.2,A.2,A.2,A.2,A.2,A.2,A.2
https://github.com/NVIDIA/Megatron-LM/issues/1388,C.9,C.9,C.9,C.9,C.4,C.9,C.2,C.9
https://github.com/NVIDIA/Megatron-LM/issues/1387,B.3,B.3,B.3,B.3,B.3,B.3,B.3,B.3
https://github.com/NVIDIA/Megatron-LM/issues/1386,B.3,B.3,B.3,B.3,B.3,B.3,B.3,B.3
https://github.com/NVIDIA/Megatron-LM/issues/1385,A.3,A.3,A.3,A.3,A.1,A.3,A.3,A.3
https://github.com/NVIDIA/Megatron-LM/issues/1384,C.3,C.3,C.3,C.3,C.3,C.8,C.10,C.3
https://github.com/NVIDIA/Megatron-LM/issues/1383,C.3,C.3,C.3,C.3,C.1,C.6,C.3,C.3
https://github.com/NVIDIA/Megatron-LM/issues/1382,B.2,B.2,B.2,B.2,B.2,B.2,B.2,B.2
https://github.com/NVIDIA/Megatron-LM/issues/1381,B.2,B.2,B.2,B.2,B.2,B.2,B.2,B.2
https://github.com/NVIDIA/Megatron-LM/issues/1380,B.2,B.3,B.2,B.2,B.2,B.2,B.2,B.2
https://github.com/NVIDIA/Megatron-LM/issues/1379,A.2,A.2,A.2,A.2,A.2,A.2,A.2,A.2
https://github.com/NVIDIA/Megatron-LM/issues/1378,B.2,B.2,B.2,B.2,B.4,B.2,B.2,B.2
https://github.com/NVIDIA/Megatron-LM/issues/1377,B.2,B.2,B.2,B.2,B.2,B.2,B.2,B.2
https://github.com/NVIDIA/Megatron-LM/issues/1376,C.9,C.9,C.9,C.9,C.9,C.9,C.9,C.9
https://github.com/NVIDIA/Megatron-LM/issues/1375,B.2,B.2,B.2,B.2,B.2,B.2,B.2,B.2
https://github.com/NVIDIA/Megatron-LM/issues/1373,B.1,B.1,B.1,B.1,B.1,B.3,B.3,B.1
https://github.com/NVIDIA/Megatron-LM/issues/1372,B.2,B.2,B.2,B.2,B.2,B.2,B.3,B.2
https://github.com/NVIDIA/Megatron-LM/issues/1371,B.1,B.1,B.1,B.1,B.1,B.1,B.2,B.1
https://github.com/NVIDIA/Megatron-LM/issues/1370,B.1,B.1,B.1,B.1,B.1,B.1,B.4,B.1
https://github.com/NVIDIA/Megatron-LM/issues/1369,A.3,A.3,A.3,A.3,A.3,A.3,A.3,A.3
https://github.com/NVIDIA/Megatron-LM/issues/1368,A.3,A.3,A.3,A.3,A.3,A.3,A.3,A.3
https://github.com/NVIDIA/Megatron-LM/issues/1367,B.1,B.1,B.1,B.2,B.1,B.1,B.1,B.1
https://github.com/NVIDIA/Megatron-LM/issues/1366,C.9,C.9,C.9,C.9,C.9,C.9,C.9,C.9
https://github.com/NVIDIA/Megatron-LM/issues/1365,C.5,C.5,C.5,C.5,C.5,C.5,C.5,C.5
https://github.com/NVIDIA/Megatron-LM/issues/1364,B.1,B.1,B.1,B.1,B.1,B.1,B.1,B.1
https://github.com/NVIDIA/Megatron-LM/issues/1362,C.5,C.5,C.5,C.5,C.9,C.5,C.5,C.5
https://github.com/NVIDIA/Megatron-LM/issues/1361,A.3,A.3,A.3,A.3,A.3,A.3,A.3,A.3
https://github.com/NVIDIA/Megatron-LM/issues/1360,C.9,C.9,C.9,C.6,C.9,C.9,C.9,C.9
https://github.com/NVIDIA/Megatron-LM/issues/1359,C.9,C.9,C.9,C.9,C.2,C.7,C.9,C.9
https://github.com/NVIDIA/Megatron-LM/issues/1358,B.2,B.2,B.2,B.2,B.2,B.2,B.2,B.2
https://github.com/NVIDIA/Megatron-LM/issues/1357,C.3,C.3,C.3,C.3,C.3,C.3,C.2,C.3
https://github.com/NVIDIA/Megatron-LM/issues/1356,A.3,A.3,A.3,A.3,A.3,A.3,A.3,A.3
https://github.com/NVIDIA/Megatron-LM/issues/1355,C.6,C.6,C.6,C.6,C.6,C.6,C.6,C.6
https://github.com/NVIDIA/Megatron-LM/issues/1354,A.3,A.3,A.3,A.3,A.3,A.3,A.3,A.3
https://github.com/NVIDIA/Megatron-LM/issues/1353,C.9,C.9,C.9,C.10,C.9,C.9,C.9,C.9
https://github.com/NVIDIA/Megatron-LM/issues/1352,C.9,C.9,C.9,C.9,C.9,C.9,C.9,C.9
https://github.com/NVIDIA/Megatron-LM/issues/1351,A.2,A.2,A.2,A.2,A.2,A.2,A.4,A.2
https://github.com/NVIDIA/Megatron-LM/issues/1350,C.5,C.5,C.5,C.5,C.5,C.5,C.5,C.5
https://github.com/NVIDIA/Megatron-LM/issues/1349,B.2,B.2,B.2,B.2,B.2,B.2,B.2,B.2
https://github.com/NVIDIA/Megatron-LM/issues/1348,A.3,A.3,A.3,A.3,A.3,A.3,A.3,A.3
https://github.com/NVIDIA/Megatron-LM/issues/1347,A.2,A.2,A.2,A.2,A.2,A.2,A.2,A.2
https://github.com/NVIDIA/Megatron-LM/issues/1346,A.2,A.2,A.2,A.2,A.2,A.2,A.2,A.2
https://github.com/NVIDIA/Megatron-LM/issues/1345,B.3,B.3,B.3,B.3,B.3,B.4,B.2,B.3
https://github.com/NVIDIA/Megatron-LM/issues/1344,A.3,A.3,A.3,A.3,A.3,A.3,A.3,A.3
https://github.com/NVIDIA/Megatron-LM/issues/1343,C.5,C.5,C.5,C.2,C.5,C.9,C.5,C.5
https://github.com/NVIDIA/Megatron-LM/issues/1342,C.3,C.3,C.3,C.3,C.3,C.3,C.3,C.3
https://github.com/NVIDIA/Megatron-LM/issues/1341,C.3,C.3,C.3,C.3,C.3,C.3,C.6,C.3
https://github.com/NVIDIA/Megatron-LM/issues/1340,B.2,B.2,B.2,B.2,B.2,B.2,B.1,B.2
https://github.com/NVIDIA/Megatron-LM/issues/1339,A.2,A.2,A.2,A.2,A.2,A.2,A.2,A.2
https://github.com/NVIDIA/Megatron-LM/issues/1338,A.2,A.2,A.2,A.2,A.2,A.2,A.2,A.2
https://github.com/NVIDIA/Megatron-LM/issues/1337,C.6,C.6,C.6,C.6,C.6,C.6,C.6,C.6
https://github.com/NVIDIA/Megatron-LM/issues/1336,C.5,C.5,C.5,C.5,C.5,C.2,C.9,C.5
https://github.com/NVIDIA/Megatron-LM/issues/1335,B.1,B.1,B.1,B.1,B.1,B.1,B.1,B.1
https://github.com/NVIDIA/Megatron-LM/issues/1333,B.1,B.1,B.1,B.1,B.1,B.1,B.1,B.1
https://github.com/NVIDIA/Megatron-LM/issues/1332,B.1,B.1,B.1,B.1,B.1,B.1,B.1,B.1
https://github.com/NVIDIA/Megatron-LM/issues/1331,B.2,B.2,B.2,B.2,B.2,B.2,B.2,B.2
https://github.com/NVIDIA/Megatron-LM/issues/1330,C.5,C.5,B.3,C.5,C.5,C.5,C.8,C.5
https://github.com/NVIDIA/Megatron-LM/issues/1329,A.3,A.3,A.3,A.3,A.3,A.3,A.3,A.3
https://github.com/NVIDIA/Megatron-LM/issues/1328,C.5,C.5,C.5,C.5,C.5,C.5,C.5,C.5
https://github.com/NVIDIA/Megatron-LM/issues/1327,C.4,C.4,C.4,C.4,C.4,C.4,C.4,C.4
https://github.com/NVIDIA/Megatron-LM/issues/1326,B.2,B.2,B.2,B.1,B.2,B.2,B.2,B.2
https://github.com/NVIDIA/Megatron-LM/issues/1325,B.1,B.1,B.1,B.2,B.1,B.1,B.1,B.1
https://github.com/NVIDIA/Megatron-LM/issues/1324,C.3,C.3,C.3,C.3,C.3,C.3,C.3,C.3
https://github.com/NVIDIA/Megatron-LM/issues/1322,C.5,C.5,C.1,C.5,C.5,C.5,C.5,C.5
https://github.com/NVIDIA/Megatron-LM/issues/1321,C.9,C.9,C.9,C.9,C.9,C.9,C.9,C.9
https://github.com/NVIDIA/Megatron-LM/issues/1320,B.2,B.2,B.2,B.2,B.2,B.2,B.2,B.2
https://github.com/NVIDIA/Megatron-LM/issues/1319,A.3,A.3,A.3,A.3,A.3,A.3,A.3,A.3
https://github.com/NVIDIA/Megatron-LM/issues/1318,B.3,B.3,B.3,B.3,B.3,B.3,B.1,B.3
https://github.com/NVIDIA/Megatron-LM/issues/1317,B.1,B.3,B.1,B.1,B.1,B.1,B.1,B.1
https://github.com/NVIDIA/Megatron-LM/issues/1316,B.4,B.4,B.4,B.4,B.4,B.4,B.4,B.4
https://github.com/NVIDIA/Megatron-LM/issues/1315,C.9,C.9,C.9,C.4,C.9,C.9,C.9,C.9
https://github.com/NVIDIA/Megatron-LM/issues/1314,C.5,C.5,C.5,C.5,C.5,C.9,C.5,C.5
https://github.com/NVIDIA/Megatron-LM/issues/1313,A.2,A.2,A.2,A.2,A.2,A.2,A.2,A.2
https://github.com/NVIDIA/Megatron-LM/issues/1312,C.5,C.5,C.5,C.5,C.6,C.5,C.5,C.5
https://github.com/NVIDIA/Megatron-LM/issues/1311,A.2,A.2,A.2,A.2,A.2,A.2,A.2,A.2
https://github.com/NVIDIA/Megatron-LM/issues/1310,C.5,C.5,C.5,C.5,C.5,C.1,C.9,C.5
https://github.com/NVIDIA/Megatron-LM/issues/1308,B.2,B.2,B.2,B.3,B.2,B.2,B.2,B.2
https://github.com/NVIDIA/Megatron-LM/issues/1307,A.3,A.3,A.3,A.3,A.3,A.3,A.3,A.3
https://github.com/NVIDIA/Megatron-LM/issues/1306,C.9,C.9,C.9,C.9,C.9,C.9,C.1,C.9
https://github.com/NVIDIA/Megatron-LM/issues/1305,C.9,C.9,C.7,C.9,C.9,C.9,C.9,C.9
https://github.com/NVIDIA/Megatron-LM/issues/1304,C.3,C.3,C.3,C.3,C.3,C.3,C.3,C.3
https://github.com/NVIDIA/Megatron-LM/issues/1303,B.2,B.2,B.2,B.3,B.2,B.2,B.2,B.2
https://github.com/NVIDIA/Megatron-LM/issues/1302,C.9,C.9,C.9,C.3,C.9,C.9,C.9,C.9
https://github.com/NVIDIA/Megatron-LM/issues/1301,A.3,A.3,A.3,A.3,A.3,A.3,A.3,A.3
https://github.com/NVIDIA/Megatron-LM/issues/1300,A.3,A.3,A.3,A.3,A.3,A.3,A.3,A.3
https://github.com/NVIDIA/Megatron-LM/issues/1299,B.2,B.2,B.2,B.2,B.2,B.2,B.2,B.2
https://github.com/NVIDIA/Megatron-LM/issues/1298,C.4,C.4,C.4,C.4,C.4,C.4,C.4,C.4
https://github.com/NVIDIA/Megatron-LM/issues/1297,B.2,B.2,B.2,C.9,B.2,B.2,B.2,B.2
https://github.com/NVIDIA/Megatron-LM/issues/1296,A.2,A.2,A.2,A.2,A.2,A.2,A.2,A.2
https://github.com/NVIDIA/Megatron-LM/issues/1295,B.2,B.2,B.2,B.2,B.2,B.2,B.1,B.2
https://github.com/NVIDIA/Megatron-LM/issues/1293,C.9,C.9,C.9,C.9,C.9,C.9,C.9,C.9
https://github.com/NVIDIA/Megatron-LM/issues/1292,C.3,C.3,C.3,C.3,C.3,C.3,C.3,C.3
https://github.com/NVIDIA/Megatron-LM/issues/1291,C.5,C.5,C.5,C.5,C.5,C.1,C.5,C.5
https://github.com/NVIDIA/Megatron-LM/issues/1290,B.1,B.1,B.1,B.1,B.1,B.1,B.1,B.1
https://github.com/NVIDIA/Megatron-LM/issues/1289,C.5,C.5,C.5,C.5,C.5,C.5,C.5,C.5
https://github.com/NVIDIA/Megatron-LM/issues/1288,B.2,B.2,B.2,B.2,B.2,B.2,B.2,B.2
https://github.com/NVIDIA/Megatron-LM/issues/1287,C.5,C.5,C.5,C.5,C.5,C.3,B.2,C.5
https://github.com/NVIDIA/Megatron-LM/issues/1286,C.6,C.9,C.6,C.6,C.6,C.6,C.6,C.6
https://github.com/NVIDIA/Megatron-LM/issues/1285,A.3,A.3,A.3,A.3,A.3,A.3,A.3,A.3
https://github.com/NVIDIA/Megatron-LM/issues/1284,C.5,C.5,C.5,C.5,C.5,C.10,C.8,C.5
https://github.com/NVIDIA/Megatron-LM/issues/1283,C.5,C.5,C.5,C.5,C.5,C.5,C.5,C.5
https://github.com/NVIDIA/Megatron-LM/issues/1282,B.3,B.3,B.3,B.3,B.3,B.3,B.3,B.3
https://github.com/NVIDIA/Megatron-LM/issues/1281,B.3,B.3,B.3,B.3,B.3,B.3,B.4,B.3
https://github.com/NVIDIA/Megatron-LM/issues/1280,B.1,B.1,B.1,B.1,B.1,B.1,B.3,B.1
https://github.com/NVIDIA/Megatron-LM/issues/1279,C.4,C.4,C.4,C.9,C.4,C.4,C.4,C.4
https://github.com/NVIDIA/Megatron-LM/issues/1278,C.3,C.3,C.3,C.3,C.3,C.3,C.3,C.3
https://github.com/NVIDIA/Megatron-LM/issues/1277,B.2,B.2,B.2,B.2,B.2,B.4,C.3,B.2
https://github.com/NVIDIA/Megatron-LM/issues/1276,B.3,B.3,B.3,B.3,B.3,B.3,B.4,B.3
https://github.com/NVIDIA/Megatron-LM/issues/1275,C.9,C.9,C.9,C.10,C.9,C.9,C.3,C.9
https://github.com/NVIDIA/Megatron-LM/issues/1274,C.3,C.2,C.2,C.3,C.3,C.3,C.3,C.3
https://github.com/NVIDIA/Megatron-LM/issues/1273,C.5,C.5,C.5,C.7,C.5,C.4,C.5,C.5
https://github.com/NVIDIA/Megatron-LM/issues/1272,C.5,C.5,C.5,C.5,C.5,C.5,C.1,C.5
https://github.com/NVIDIA/Megatron-LM/issues/1271,C.9,C.9,C.9,C.9,C.6,C.1,C.9,C.9
https://github.com/NVIDIA/Megatron-LM/issues/1270,B.2,B.2,B.2,B.2,B.2,B.3,B.2,B.2
https://github.com/NVIDIA/Megatron-LM/issues/1269,A.3,A.3,A.3,A.3,A.3,A.3,A.3,A.3
https://github.com/NVIDIA/Megatron-LM/issues/1268,B.2,B.2,B.2,B.2,B.2,B.2,B.2,B.2
https://github.com/NVIDIA/Megatron-LM/issues/1267,B.1,B.1,B.1,B.1,B.1,B.1,B.1,B.1
https://github.com/NVIDIA/Megatron-LM/issues/1266,C.5,C.5,C.5,C.10,C.5,C.5,C.3,C.5
https://github.com/NVIDIA/Megatron-LM/issues/1265,C.9,C.9,C.9,C.9,C.9,C.9,C.9,C.9
https://github.com/NVIDIA/Megatron-LM/issues/1264,B.1,B.1,B.4,B.1,B.1,B.4,B.1,B.1
https://github.com/NVIDIA/Megatron-LM/issues/1263,C.5,C.5,C.5,C.5,C.5,B.3,C.6,C.5
https://github.com/NVIDIA/Megatron-LM/issues/1262,B.2,B.2,B.2,B.2,B.2,B.2,B.2,B.2
https://github.com/NVIDIA/Megatron-LM/issues/1261,C.9,C.9,C.9,C.9,C.9,C.9,C.7,C.9
https://github.com/NVIDIA/Megatron-LM/issues/1260,C.6,C.6,C.6,C.6,C.6,C.6,B.2,C.6
https://github.com/NVIDIA/Megatron-LM/issues/1259,B.2,B.2,B.2,B.2,B.1,B.1,B.2,B.2
https://github.com/NVIDIA/Megatron-LM/issues/1258,C.3,C.3,C.3,B.3,C.3,C.3,C.3,C.3
https://github.com/NVIDIA/Megatron-LM/issues/1257,A.3,A.3,A.3,A.3,A.3,A.3,A.3,A.3
https://github.com/NVIDIA/Megatron-LM/issues/1256,C.3,C.3,C.3,C.3,C.3,C.3,C.3,C.3
https://github.com/NVIDIA/Megatron-LM/issues/1239,B.1,B.1,B.1,B.1,B.1,B.1,B.1,B.1
https://github.com/NVIDIA/Megatron-LM/issues/1238,B.2,B.2,B.2,B.2,B.2,B.4,B.2,B.2
https://github.com/NVIDIA/Megatron-LM/issues/1237,B.2,B.2,B.2,B.2,B.2,B.2,B.2,B.2
https://github.com/NVIDIA/Megatron-LM/issues/1236,B.2,B.2,B.2,B.2,B.2,B.2,B.3,B.2
https://github.com/NVIDIA/Megatron-LM/issues/1235,B.2,B.2,B.2,B.1,B.2,B.2,B.2,B.2
https://github.com/NVIDIA/Megatron-LM/issues/1234,C.5,C.5,C.5,C.5,C.5,C.5,C.5,C.5
https://github.com/NVIDIA/Megatron-LM/issues/1233,A.2,A.2,A.2,A.2,A.2,A.2,A.2,A.2
https://github.com/NVIDIA/Megatron-LM/issues/1232,B.1,B.1,B.1,B.1,B.1,B.1,B.1,B.1
https://github.com/NVIDIA/Megatron-LM/issues/1231,A.2,A.2,A.2,A.2,A.2,A.2,A.2,A.2
https://github.com/NVIDIA/Megatron-LM/issues/1230,B.2,B.2,B.2,B.2,C.3,B.2,B.2,B.2
https://github.com/NVIDIA/Megatron-LM/issues/1229,C.9,C.9,C.9,C.9,C.9,C.9,C.9,C.9
https://github.com/NVIDIA/Megatron-LM/issues/1228,C.5,C.5,C.5,C.5,C.7,C.5,C.5,C.5
https://github.com/NVIDIA/Megatron-LM/issues/1227,C.6,C.6,C.6,C.6,C.6,C.6,C.6,C.6
https://github.com/NVIDIA/Megatron-LM/issues/1226,B.2,B.2,B.2,B.2,B.2,B.2,B.2,B.2
https://github.com/NVIDIA/Megatron-LM/issues/1225,A.3,A.3,A.3,A.3,A.3,A.3,A.3,A.3
https://github.com/NVIDIA/Megatron-LM/issues/1224,B.1,B.1,B.1,B.1,B.1,B.1,B.1,B.1
https://github.com/NVIDIA/Megatron-LM/issues/1223,B.4,B.4,B.4,B.4,B.4,B.4,B.4,B.4
https://github.com/NVIDIA/Megatron-LM/issues/1222,A.3,A.3,A.3,A.3,A.3,A.3,A.3,A.3
https://github.com/NVIDIA/Megatron-LM/issues/1221,B.2,B.2,B.2,B.2,B.2,B.2,B.2,B.2
https://github.com/NVIDIA/Megatron-LM/issues/1220,C.3,C.3,C.3,C.3,C.3,C.8,C.6,C.3
https://github.com/NVIDIA/Megatron-LM/issues/1219,B.2,B.2,B.2,B.2,B.2,B.2,B.2,B.2
https://github.com/NVIDIA/Megatron-LM/issues/1218,C.9,C.9,C.9,C.9,C.9,C.9,C.9,C.9
https://github.com/NVIDIA/Megatron-LM/issues/1217,B.2,B.2,B.2,B.2,B.2,B.4,B.2,B.2
https://github.com/NVIDIA/Megatron-LM/issues/1216,B.4,B.4,B.4,B.4,B.4,B.3,B.4,B.4
https://github.com/NVIDIA/Megatron-LM/issues/1215,B.2,B.2,B.1,B.2,B.2,B.2,B.2,B.2
https://github.com/NVIDIA/Megatron-LM/issues/1214,B.2,B.2,B.2,B.2,B.2,B.2,B.2,B.2
https://github.com/NVIDIA/Megatron-LM/issues/1213,B.2,B.2,B.2,B.1,B.2,B.2,B.2,B.2
https://github.com/NVIDIA/Megatron-LM/issues/1212,B.1,B.1,B.1,B.1,B.1,B.1,B.1,B.1
https://github.com/NVIDIA/Megatron-LM/issues/1211,C.9,C.9,C.9,C.9,C.9,C.9,C.9,C.9
https://github.com/NVIDIA/Megatron-LM/issues/1210,C.5,C.5,C.5,C.5,C.5,C.5,C.5,C.5
https://github.com/NVIDIA/Megatron-LM/issues/1209,B.2,B.2,B.2,B.2,B.2,B.2,B.2,B.2
https://github.com/NVIDIA/Megatron-LM/issues/1208,B.2,B.4,B.2,B.2,B.2,B.2,B.4,B.2
https://github.com/NVIDIA/Megatron-LM/issues/1207,A.3,A.3,A.3,A.3,A.3,A.3,A.3,A.3
https://github.com/NVIDIA/Megatron-LM/issues/1206,B.1,B.1,B.1,B.1,B.1,B.1,B.1,B.1
https://github.com/NVIDIA/Megatron-LM/issues/1205,B.2,B.2,B.2,B.2,B.2,B.2,B.2,B.2
https://github.com/NVIDIA/Megatron-LM/issues/1204,B.2,B.2,B.2,B.2,B.2,B.2,B.2,B.2
https://github.com/NVIDIA/Megatron-LM/issues/1203,C.5,C.5,C.5,C.5,C.5,C.5,C.7,C.5
https://github.com/NVIDIA/Megatron-LM/issues/1202,C.3,C.3,C.9,C.2,C.3,C.3,C.3,C.3
https://github.com/NVIDIA/Megatron-LM/issues/1201,B.2,B.2,B.2,B.2,B.2,B.2,B.3,B.2
https://github.com/NVIDIA/Megatron-LM/issues/1200,C.9,C.9,C.9,C.9,C.9,C.5,C.9,C.9
https://github.com/NVIDIA/Megatron-LM/issues/1199,B.2,B.2,B.2,B.2,B.2,B.2,B.2,B.2
https://github.com/NVIDIA/Megatron-LM/issues/1198,B.3,B.3,B.3,B.3,B.3,B.3,B.3,B.3
https://github.com/NVIDIA/Megatron-LM/issues/1196,C.6,C.6,C.6,C.6,C.6,C.6,C.6,C.6
https://github.com/NVIDIA/Megatron-LM/issues/1195,C.9,C.9,C.9,C.9,C.9,C.9,C.2,C.9
https://github.com/NVIDIA/Megatron-LM/issues/1166,C.5,C.5,C.5,C.2,C.5,C.5,C.5,C.5
https://github.com/NVIDIA/Megatron-LM/issues/1165,C.4,C.4,C.4,C.5,C.4,C.4,C.1,C.4
https://github.com/NVIDIA/Megatron-LM/issues/1164,C.4,C.4,C.4,C.4,C.4,C.4,C.3,C.4
https://github.com/NVIDIA/Megatron-LM/issues/1163,B.2,B.2,B.2,B.2,B.2,B.2,B.2,B.2
https://github.com/NVIDIA/Megatron-LM/issues/1162,C.4,C.4,C.4,C.4,C.10,C.4,C.4,C.4
https://github.com/NVIDIA/Megatron-LM/issues/1161,B.3,B.3,B.3,B.3,B.3,B.3,B.3,B.3
https://github.com/NVIDIA/Megatron-LM/issues/1160,C.3,C.3,C.3,C.3,C.3,C.3,C.3,C.3
https://github.com/NVIDIA/Megatron-LM/issues/1159,A.3,A.3,A.3,A.3,A.3,A.3,A.3,A.3
https://github.com/NVIDIA/Megatron-LM/issues/1158,C.3,C.3,C.3,C.3,C.3,C.3,C.3,C.3
https://github.com/NVIDIA/Megatron-LM/issues/1157,B.2,B.2,B.2,B.2,B.2,B.2,B.3,B.2
https://github.com/NVIDIA/Megatron-LM/issues/1156,B.2,B.2,B.2,B.2,B.2,B.2,B.2,B.2
https://github.com/NVIDIA/Megatron-LM/issues/1155,A.3,A.3,A.3,A.3,A.3,A.3,A.3,A.3
https://github.com/NVIDIA/Megatron-LM/issues/1154,C.3,C.3,C.3,C.3,C.4,C.3,C.3,C.3
https://github.com/NVIDIA/Megatron-LM/issues/1153,A.2,A.2,A.2,A.2,A.2,A.2,A.2,A.2
https://github.com/NVIDIA/Megatron-LM/issues/1152,C.5,C.5,C.5,C.5,C.5,C.5,C.4,C.5
https://github.com/NVIDIA/Megatron-LM/issues/1151,C.3,C.3,C.3,C.3,C.3,C.3,C.3,C.3
https://github.com/NVIDIA/Megatron-LM/issues/1150,C.9,C.9,C.9,C.9,C.9,C.9,C.9,C.9
https://github.com/NVIDIA/Megatron-LM/issues/1147,B.2,B.2,B.2,B.3,B.3,B.2,B.2,B.2
https://github.com/NVIDIA/Megatron-LM/issues/1146,B.3,B.3,B.3,B.3,B.3,B.3,B.3,B.3
https://github.com/NVIDIA/Megatron-LM/issues/1145,C.6,C.6,C.6,C.6,C.6,C.6,C.10,C.6
https://github.com/NVIDIA/Megatron-LM/issues/1144,C.3,C.3,C.3,C.3,C.3,C.3,C.3,C.3
https://github.com/NVIDIA/Megatron-LM/issues/1142,C.3,C.3,C.3,C.3,C.3,C.3,C.3,C.3
https://github.com/NVIDIA/Megatron-LM/issues/1141,C.3,C.3,C.3,C.3,C.3,C.3,C.3,C.3
https://github.com/NVIDIA/Megatron-LM/issues/1140,C.3,C.3,C.3,C.3,C.3,C.3,C.10,C.3
https://github.com/NVIDIA/Megatron-LM/issues/1139,A.3,A.3,A.3,A.3,A.3,A.3,A.3,A.3
https://github.com/NVIDIA/Megatron-LM/issues/1138,A.2,A.2,A.2,A.2,A.2,A.2,A.2,A.2
https://github.com/NVIDIA/Megatron-LM/issues/1137,C.9,C.9,C.9,C.9,C.9,C.10,C.9,C.9
https://github.com/NVIDIA/Megatron-LM/issues/1136,B.3,B.3,B.3,B.3,B.3,B.3,B.3,B.3
https://github.com/NVIDIA/Megatron-LM/issues/1135,C.6,C.6,C.7,C.6,C.8,C.6,C.6,C.6
https://github.com/NVIDIA/Megatron-LM/issues/1134,C.5,C.5,C.5,C.5,C.5,C.7,C.4,C.5
https://github.com/NVIDIA/Megatron-LM/issues/1133,B.1,B.1,B.1,B.1,B.1,B.1,B.1,B.1
https://github.com/NVIDIA/Megatron-LM/issues/1132,C.5,C.4,C.7,C.5,C.5,C.5,C.5,C.5
https://github.com/NVIDIA/Megatron-LM/issues/1131,C.3,C.3,C.6,C.3,C.6,C.3,C.3,C.3
https://github.com/NVIDIA/Megatron-LM/issues/1130,C.5,C.5,C.5,C.5,C.5,C.5,C.5,C.5
https://github.com/NVIDIA/Megatron-LM/issues/1129,C.5,C.5,C.3,B.3,C.5,C.5,C.5,C.5
https://github.com/NVIDIA/Megatron-LM/issues/1128,C.6,C.6,C.6,C.6,C.6,C.6,C.5,C.6
https://github.com/NVIDIA/Megatron-LM/issues/1127,A.2,A.2,A.2,A.2,A.2,A.2,A.2,A.2
https://github.com/NVIDIA/Megatron-LM/issues/1126,C.3,C.9,C.3,C.3,C.3,C.3,C.3,C.3
https://github.com/NVIDIA/Megatron-LM/issues/1125,C.6,C.6,C.6,C.6,C.6,C.6,C.6,C.6
https://github.com/NVIDIA/Megatron-LM/issues/1124,C.3,C.3,C.3,C.4,C.4,C.3,C.3,C.3
https://github.com/NVIDIA/Megatron-LM/issues/1123,C.5,C.5,C.5,C.5,C.5,C.5,C.1,C.5
https://github.com/NVIDIA/Megatron-LM/issues/1122,B.1,B.1,B.1,B.1,B.1,B.1,B.1,B.1
https://github.com/NVIDIA/Megatron-LM/issues/1121,C.3,C.10,C.3,C.8,C.3,C.3,C.3,C.3
https://github.com/NVIDIA/Megatron-LM/issues/1120,A.2,A.2,A.2,A.2,A.2,A.2,A.2,A.2
https://github.com/NVIDIA/Megatron-LM/issues/1069,B.2,B.2,B.2,B.2,B.2,B.2,B.2,B.2
https://github.com/NVIDIA/Megatron-LM/issues/1068,C.3,C.3,C.3,C.3,C.3,C.3,C.3,C.3
https://github.com/NVIDIA/Megatron-LM/issues/1067,C.9,C.9,C.9,C.9,C.9,C.9,C.9,C.9
https://github.com/NVIDIA/Megatron-LM/issues/1066,C.3,C.3,C.3,C.3,C.1,C.7,C.3,C.3
https://github.com/NVIDIA/Megatron-LM/issues/1065,C.3,C.3,C.3,C.3,C.3,C.3,C.3,C.3
https://github.com/NVIDIA/Megatron-LM/issues/1064,A.2,A.2,A.2,A.2,A.2,A.2,A.2,A.2
https://github.com/NVIDIA/Megatron-LM/issues/1063,A.2,A.2,A.2,A.2,A.2,A.2,A.2,A.2
https://github.com/NVIDIA/Megatron-LM/issues/1062,C.9,C.9,C.9,C.9,C.9,C.9,C.9,C.9
https://github.com/NVIDIA/Megatron-LM/issues/1061,B.2,B.2,B.2,B.2,B.2,B.2,B.2,B.2
https://github.com/NVIDIA/Megatron-LM/issues/1060,C.9,C.9,C.9,C.9,C.9,C.9,C.9,C.9
https://github.com/NVIDIA/Megatron-LM/issues/1059,B.2,B.2,B.2,B.2,B.2,B.2,B.2,B.2
https://github.com/NVIDIA/Megatron-LM/issues/1058,B.1,B.1,B.1,B.1,B.1,B.1,B.1,B.1
https://github.com/NVIDIA/Megatron-LM/issues/1057,B.3,B.3,B.3,B.3,B.3,B.3,B.3,B.3
https://github.com/NVIDIA/Megatron-LM/issues/1056,C.6,C.6,C.6,C.6,C.6,C.6,C.6,C.6
https://github.com/NVIDIA/Megatron-LM/issues/1055,B.2,B.2,B.2,B.2,B.2,B.2,B.2,B.2
https://github.com/NVIDIA/Megatron-LM/issues/1054,C.9,C.9,C.9,C.9,C.9,C.9,C.9,C.9
https://github.com/NVIDIA/Megatron-LM/issues/1053,C.3,C.10,C.3,C.3,C.3,C.3,C.2,C.3
https://github.com/NVIDIA/Megatron-LM/issues/1052,C.9,C.9,C.9,C.9,C.9,C.9,C.9,C.9
https://github.com/NVIDIA/Megatron-LM/issues/1051,C.3,C.3,C.3,C.3,C.3,C.3,C.3,C.3
https://github.com/NVIDIA/Megatron-LM/issues/1050,A.3,A.3,A.3,A.3,A.3,A.3,A.3,A.3
https://github.com/NVIDIA/Megatron-LM/issues/1049,A.2,A.2,A.2,A.2,A.2,A.2,A.2,A.2
https://github.com/NVIDIA/Megatron-LM/issues/1048,C.3,C.3,C.9,C.3,C.3,C.3,C.1,C.3
https://github.com/NVIDIA/Megatron-LM/issues/1047,C.5,C.5,C.5,C.5,C.5,C.5,C.5,C.5
https://github.com/NVIDIA/Megatron-LM/issues/1045,B.1,B.1,B.1,B.1,B.1,B.1,B.3,B.1
https://github.com/NVIDIA/Megatron-LM/issues/1044,C.9,C.9,C.9,C.9,C.9,C.8,C.9,C.9
https://github.com/NVIDIA/Megatron-LM/issues/1043,C.3,C.3,C.3,C.3,C.3,C.3,C.3,C.3
https://github.com/NVIDIA/Megatron-LM/issues/1042,C.5,C.5,C.5,C.5,C.5,C.5,C.5,C.5
https://github.com/NVIDIA/Megatron-LM/issues/1041,C.9,C.9,C.9,C.9,C.9,C.9,C.9,C.9
https://github.com/NVIDIA/Megatron-LM/issues/1040,C.9,C.9,C.9,C.9,C.9,C.9,C.9,C.9
https://github.com/NVIDIA/Megatron-LM/issues/1039,C.3,C.3,C.3,C.3,C.3,C.3,C.3,C.3
https://github.com/NVIDIA/Megatron-LM/issues/1038,B.1,B.1,B.1,B.1,B.1,B.1,C.3,B.1
https://github.com/NVIDIA/Megatron-LM/issues/1037,B.4,B.4,B.4,B.4,B.1,B.4,B.1,B.4
https://github.com/NVIDIA/Megatron-LM/issues/1036,C.9,C.9,C.9,C.9,C.9,C.9,C.9,C.9
https://github.com/NVIDIA/Megatron-LM/issues/1035,A.2,A.2,A.2,A.2,A.2,A.2,A.2,A.2
https://github.com/NVIDIA/Megatron-LM/issues/1034,B.3,B.3,B.3,B.3,B.3,B.3,B.3,B.3
https://github.com/NVIDIA/Megatron-LM/issues/1033,B.2,B.2,B.2,B.4,B.2,B.2,B.2,B.2
https://github.com/NVIDIA/Megatron-LM/issues/1032,C.5,C.5,C.5,C.5,C.5,C.5,C.5,C.5
https://github.com/NVIDIA/Megatron-LM/issues/1031,B.2,B.2,B.2,B.2,B.2,B.2,B.2,B.2
https://github.com/NVIDIA/Megatron-LM/issues/1030,B.3,B.3,B.3,B.2,B.3,B.3,B.3,B.3
https://github.com/NVIDIA/Megatron-LM/issues/1029,C.9,C.9,C.9,C.9,C.8,C.9,C.9,C.9
https://github.com/NVIDIA/Megatron-LM/issues/1028,C.3,C.8,C.3,C.3,C.3,C.3,C.3,C.3
https://github.com/NVIDIA/Megatron-LM/issues/1027,C.3,C.3,C.3,C.3,C.3,C.3,C.3,C.3
https://github.com/NVIDIA/Megatron-LM/issues/1026,C.3,C.3,C.3,C.3,C.3,C.3,C.3,C.3
https://github.com/NVIDIA/Megatron-LM/issues/1025,B.1,B.1,B.1,B.1,B.1,B.3,B.1,B.1
https://github.com/NVIDIA/Megatron-LM/issues/1018,C.9,C.9,C.9,C.9,C.9,C.2,C.9,C.9
https://github.com/NVIDIA/Megatron-LM/issues/1017,C.9,C.9,C.9,C.8,C.9,C.10,C.9,C.9
https://github.com/NVIDIA/Megatron-LM/issues/1016,A.3,A.3,A.3,A.3,A.4,A.3,A.3,A.3
https://github.com/NVIDIA/Megatron-LM/issues/1015,B.1,B.1,B.1,B.1,B.1,B.1,B.1,B.1
https://github.com/NVIDIA/Megatron-LM/issues/1014,C.9,C.9,C.9,C.9,C.9,C.9,C.9,C.9
https://github.com/NVIDIA/Megatron-LM/issues/1013,C.9,C.9,C.9,C.9,C.9,C.9,C.9,C.9
https://github.com/NVIDIA/Megatron-LM/issues/1012,C.3,C.3,C.3,C.3,C.3,C.3,C.3,C.3
https://github.com/NVIDIA/Megatron-LM/issues/1011,C.6,C.6,C.6,C.6,C.6,C.6,C.6,C.6
https://github.com/NVIDIA/Megatron-LM/issues/1010,C.6,C.6,C.6,C.6,C.6,C.6,C.7,C.6
https://github.com/NVIDIA/Megatron-LM/issues/1009,C.5,C.5,C.2,C.5,C.5,C.5,C.5,C.5
https://github.com/NVIDIA/Megatron-LM/issues/1008,C.5,C.5,C.5,C.5,C.5,C.5,C.5,C.5
https://github.com/NVIDIA/Megatron-LM/issues/1007,C.6,C.6,C.6,C.6,C.6,C.8,C.6,C.6
https://github.com/NVIDIA/Megatron-LM/issues/1006,B.1,B.1,B.1,B.1,B.1,B.1,B.1,B.1
https://github.com/NVIDIA/Megatron-LM/issues/1005,C.6,C.6,C.6,C.6,C.6,C.8,C.6,C.6
https://github.com/NVIDIA/Megatron-LM/issues/1004,B.1,B.1,B.1,B.1,B.1,B.1,B.1,B.1
https://github.com/NVIDIA/Megatron-LM/issues/1003,A.3,A.3,A.3,A.3,A.3,A.3,A.3,A.3
https://github.com/NVIDIA/Megatron-LM/issues/1002,C.6,C.6,C.6,C.6,C.6,C.6,C.6,C.6
https://github.com/NVIDIA/Megatron-LM/issues/1001,C.3,C.3,C.3,C.3,C.3,C.3,C.3,C.3
https://github.com/NVIDIA/Megatron-LM/issues/1000,B.2,B.2,B.2,B.2,B.2,B.2,B.2,B.2
https://github.com/NVIDIA/Megatron-LM/issues/999,C.3,C.3,C.3,C.3,C.3,C.3,C.8,C.3
https://github.com/NVIDIA/Megatron-LM/issues/998,C.3,C.3,C.3,C.3,C.3,C.3,C.3,C.3
https://github.com/NVIDIA/Megatron-LM/issues/997,B.3,B.3,B.3,B.3,B.3,B.3,B.3,B.3
https://github.com/NVIDIA/Megatron-LM/issues/996,C.9,C.9,C.9,C.9,C.1,C.9,C.9,C.9
https://github.com/NVIDIA/Megatron-LM/issues/995,C.9,C.9,C.9,C.9,C.9,C.9,C.3,C.9
https://github.com/NVIDIA/Megatron-LM/issues/994,B.2,B.2,B.2,B.2,B.2,B.2,B.2,B.2
https://github.com/NVIDIA/Megatron-LM/issues/993,B.2,B.2,B.2,B.2,B.2,B.2,B.2,B.2
https://github.com/NVIDIA/Megatron-LM/issues/992,C.5,C.5,C.5,C.5,C.5,C.5,C.5,C.5
https://github.com/NVIDIA/Megatron-LM/issues/991,C.5,C.5,C.5,C.5,C.5,C.5,C.5,C.5
https://github.com/NVIDIA/Megatron-LM/issues/990,C.5,C.5,C.5,C.5,C.2,C.6,C.5,C.5
https://github.com/NVIDIA/Megatron-LM/issues/989,B.2,B.2,B.2,B.2,B.2,B.1,B.2,B.2
https://github.com/NVIDIA/Megatron-LM/issues/988,A.3,A.3,A.3,A.3,A.3,A.3,A.3,A.3
https://github.com/NVIDIA/Megatron-LM/issues/987,B.3,B.3,B.3,B.3,B.3,B.3,B.3,B.3
https://github.com/NVIDIA/Megatron-LM/issues/986,A.2,A.2,A.2,A.2,A.2,A.2,A.2,A.2
https://github.com/NVIDIA/Megatron-LM/issues/985,C.3,C.3,C.3,C.3,C.3,C.8,C.3,C.3
https://github.com/NVIDIA/Megatron-LM/issues/975,B.2,B.2,B.2,B.2,B.2,B.2,B.2,B.2
https://github.com/NVIDIA/Megatron-LM/issues/973,A.3,A.3,A.3,A.3,A.3,A.1,A.3,A.3
https://github.com/NVIDIA/Megatron-LM/issues/972,C.9,C.9,C.9,C.9,C.9,C.9,C.9,C.9
https://github.com/NVIDIA/Megatron-LM/issues/971,C.5,C.5,C.5,C.5,C.2,C.5,C.5,C.5
https://github.com/NVIDIA/Megatron-LM/issues/970,C.5,C.5,C.5,C.5,C.5,C.5,C.5,C.5
https://github.com/NVIDIA/Megatron-LM/issues/969,B.3,B.3,B.3,B.3,B.4,B.3,B.3,B.3
https://github.com/NVIDIA/Megatron-LM/issues/968,C.5,C.5,C.7,C.5,C.10,C.5,C.5,C.5
https://github.com/NVIDIA/Megatron-LM/issues/967,B.2,B.2,B.2,B.2,B.1,B.2,B.1,B.2
https://github.com/NVIDIA/Megatron-LM/issues/966,B.1,B.1,B.1,B.1,B.1,B.1,B.1,B.1
https://github.com/NVIDIA/Megatron-LM/issues/965,A.3,A.3,A.3,A.3,A.3,A.3,A.3,A.3
https://github.com/NVIDIA/Megatron-LM/issues/964,B.1,B.1,B.1,B.1,B.1,B.1,B.1,B.1
https://github.com/NVIDIA/Megatron-LM/issues/963,C.5,C.5,C.5,C.5,C.7,C.5,C.5,C.5
https://github.com/NVIDIA/Megatron-LM/issues/961,A.2,A.2,A.2,A.2,A.2,A.2,A.2,A.2
https://github.com/NVIDIA/Megatron-LM/issues/960,C.9,C.9,C.9,C.9,C.9,C.4,C.9,C.9
https://github.com/NVIDIA/Megatron-LM/issues/959,A.3,A.3,A.3,A.3,A.3,A.3,A.3,A.3
https://github.com/NVIDIA/Megatron-LM/issues/958,C.6,C.6,C.6,C.6,C.6,C.6,C.1,C.6
https://github.com/NVIDIA/Megatron-LM/issues/957,C.6,C.6,C.6,C.6,C.7,C.7,C.6,C.6
https://github.com/NVIDIA/Megatron-LM/issues/956,C.5,C.7,C.5,C.5,C.5,C.5,C.5,C.5
https://github.com/NVIDIA/Megatron-LM/issues/955,C.4,C.4,C.4,C.4,C.4,C.4,C.4,C.4
https://github.com/NVIDIA/Megatron-LM/issues/954,A.2,A.2,A.2,A.2,A.2,A.2,A.2,A.2
https://github.com/NVIDIA/Megatron-LM/issues/953,A.2,A.2,A.2,A.2,A.2,A.2,A.2,A.2
https://github.com/NVIDIA/Megatron-LM/issues/952,C.5,C.5,C.5,C.5,C.5,C.10,C.1,C.5
https://github.com/NVIDIA/Megatron-LM/issues/951,B.2,B.2,B.2,B.2,B.2,B.2,B.2,B.2
https://github.com/NVIDIA/Megatron-LM/issues/950,C.3,C.3,C.3,C.3,C.3,C.3,C.3,C.3
https://github.com/NVIDIA/Megatron-LM/issues/949,C.5,C.5,C.5,C.5,C.5,C.5,C.5,C.5
https://github.com/NVIDIA/Megatron-LM/issues/948,C.6,C.6,C.6,C.6,C.6,C.8,C.6,C.6
https://github.com/NVIDIA/Megatron-LM/issues/946,C.5,B.3,C.5,C.5,C.5,C.5,C.5,C.5
https://github.com/NVIDIA/Megatron-LM/issues/945,B.1,B.1,B.1,B.1,B.1,B.1,B.1,B.1
https://github.com/NVIDIA/Megatron-LM/issues/944,B.2,B.2,B.2,B.2,B.2,B.2,B.2,B.2
https://github.com/NVIDIA/Megatron-LM/issues/943,C.9,C.9,C.9,C.9,C.9,C.9,C.2,C.9
https://github.com/NVIDIA/Megatron-LM/issues/942,B.1,B.1,B.1,B.1,B.1,B.1,B.1,B.1
https://github.com/NVIDIA/Megatron-LM/issues/941,B.4,B.4,B.4,B.4,B.4,B.4,B.4,B.4
https://github.com/NVIDIA/Megatron-LM/issues/940,B.2,B.2,B.2,B.2,B.2,B.2,B.3,B.2
https://github.com/NVIDIA/Megatron-LM/issues/939,B.2,B.2,B.2,B.2,B.2,B.4,B.2,B.2
https://github.com/NVIDIA/Megatron-LM/issues/938,B.2,B.2,B.2,B.2,B.2,B.2,B.2,B.2
https://github.com/NVIDIA/Megatron-LM/issues/937,C.5,C.5,C.5,C.5,C.5,C.5,C.5,C.5
https://github.com/NVIDIA/Megatron-LM/issues/936,C.9,C.9,C.9,C.9,C.9,C.9,C.9,C.9
https://github.com/NVIDIA/Megatron-LM/issues/935,C.3,C.3,C.3,C.3,C.8,C.3,C.3,C.3
https://github.com/NVIDIA/Megatron-LM/issues/934,C.5,C.5,C.2,C.5,C.9,C.5,C.5,C.5
https://github.com/NVIDIA/Megatron-LM/issues/933,C.5,C.5,C.5,C.5,C.5,C.5,C.5,C.5
https://github.com/NVIDIA/Megatron-LM/issues/932,A.3,A.3,A.3,A.3,A.3,A.3,A.3,A.3
https://github.com/NVIDIA/Megatron-LM/issues/931,A.3,A.3,A.3,A.3,A.3,A.3,A.3,A.3
https://github.com/NVIDIA/Megatron-LM/issues/930,A.3,A.3,A.3,A.3,A.3,A.3,A.3,A.3
https://github.com/NVIDIA/Megatron-LM/issues/929,C.6,C.6,C.6,C.6,C.6,C.6,C.6,C.6
https://github.com/NVIDIA/Megatron-LM/issues/928,B.4,B.4,B.4,B.4,B.4,B.4,B.3,B.4
https://github.com/NVIDIA/Megatron-LM/issues/927,C.6,C.6,C.6,C.6,C.6,C.6,C.9,C.6
https://github.com/NVIDIA/Megatron-LM/issues/926,C.9,C.9,C.9,C.9,C.9,C.9,C.9,C.9
https://github.com/NVIDIA/Megatron-LM/issues/925,C.5,C.5,C.5,C.5,C.9,C.5,C.1,C.5
https://github.com/NVIDIA/Megatron-LM/issues/924,C.5,C.5,C.5,C.5,C.5,C.5,C.6,C.5
https://github.com/NVIDIA/Megatron-LM/issues/923,C.9,C.9,C.9,C.9,C.9,C.9,C.9,C.9
https://github.com/NVIDIA/Megatron-LM/issues/922,C.5,C.5,C.5,C.5,C.5,C.5,B.1,C.5
https://github.com/NVIDIA/Megatron-LM/issues/921,C.5,C.5,C.5,C.5,C.5,C.5,C.5,C.5
https://github.com/NVIDIA/Megatron-LM/issues/920,C.3,C.3,C.3,C.3,C.3,C.3,C.3,C.3
https://github.com/NVIDIA/Megatron-LM/issues/919,B.2,B.2,B.2,B.4,B.2,B.1,B.2,B.2
https://github.com/NVIDIA/Megatron-LM/issues/918,C.9,C.9,C.9,C.9,C.9,B.2,C.9,C.9
https://github.com/NVIDIA/Megatron-LM/issues/917,C.9,C.9,C.9,C.9,C.9,C.9,C.3,C.9
https://github.com/NVIDIA/Megatron-LM/issues/916,C.5,C.5,C.5,C.5,C.5,C.5,C.5,C.5
https://github.com/NVIDIA/Megatron-LM/issues/915,C.9,C.9,C.9,C.9,C.9,C.9,C.9,C.9
https://github.com/NVIDIA/Megatron-LM/issues/914,C.8,C.1,C.8,C.8,C.8,C.8,C.8,C.8
https://github.com/NVIDIA/Megatron-LM/issues/913,A.3,A.3,A.3,A.3,A.3,A.3,A.3,A.3
https://github.com/NVIDIA/Megatron-LM/issues/912,C.3,C.3,C.3,C.3,C.3,C.3,C.3,C.3
https://github.com/NVIDIA/Megatron-LM/issues/911,C.5,C.5,C.5,C.5,C.5,C.4,C.5,C.5
https://github.com/NVIDIA/Megatron-LM/issues/910,B.1,B.1,B.1,B.1,B.1,B.1,B.4,B.1
https://github.com/NVIDIA/Megatron-LM/issues/909,C.5,C.5,C.5,C.5,C.5,C.5,C.5,C.5
https://github.com/NVIDIA/Megatron-LM/issues/908,C.9,C.9,C.9,C.8,C.9,C.9,C.9,C.9
https://github.com/NVIDIA/Megatron-LM/issues/907,B.1,B.1,B.1,B.1,B.1,B.1,B.1,B.1
https://github.com/NVIDIA/Megatron-LM/issues/906,C.5,C.5,C.5,C.5,C.5,C.5,C.5,C.5
https://github.com/NVIDIA/Megatron-LM/issues/905,B.3,B.3,B.3,B.3,B.3,B.3,B.3,B.3
https://github.com/NVIDIA/Megatron-LM/issues/904,C.9,C.9,C.9,C.9,C.9,C.9,C.9,C.9
https://github.com/NVIDIA/Megatron-LM/issues/903,C.9,C.9,C.9,C.1,C.9,C.9,C.9,C.9
https://github.com/NVIDIA/Megatron-LM/issues/902,C.9,C.9,C.9,C.9,C.9,C.9,C.9,C.9
https://github.com/NVIDIA/Megatron-LM/issues/901,B.3,B.3,B.3,B.3,B.3,B.2,B.3,B.3
https://github.com/NVIDIA/Megatron-LM/issues/900,C.5,C.5,C.5,C.5,C.5,C.5,C.5,C.5
https://github.com/NVIDIA/Megatron-LM/issues/899,B.2,B.2,B.2,B.2,B.2,B.2,B.2,B.2
https://github.com/NVIDIA/Megatron-LM/issues/898,B.1,B.1,B.1,B.1,B.1,B.1,B.1,B.1
https://github.com/NVIDIA/Megatron-LM/issues/897,A.3,A.3,A.3,A.3,A.3,A.2,A.3,A.3
https://github.com/NVIDIA/Megatron-LM/issues/896,C.9,C.9,C.9,C.9,C.9,C.9,C.9,C.9
https://github.com/NVIDIA/Megatron-LM/issues/895,C.6,C.6,C.6,C.6,C.1,C.6,C.6,C.6
https://github.com/NVIDIA/Megatron-LM/issues/894,C.5,C.5,C.5,C.5,C.5,C.5,C.6,C.5
https://github.com/NVIDIA/Megatron-LM/issues/893,B.1,B.1,B.1,B.1,B.1,B.3,B.3,B.1
https://github.com/NVIDIA/Megatron-LM/issues/892,A.3,A.3,A.3,A.3,A.3,A.3,A.3,A.3
https://github.com/NVIDIA/Megatron-LM/issues/891,B.3,B.3,B.3,B.3,B.3,B.3,B.3,B.3
https://github.com/NVIDIA/Megatron-LM/issues/890,B.2,B.2,B.2,B.2,B.2,B.2,B.2,B.2
https://github.com/NVIDIA/Megatron-LM/issues/889,C.9,C.9,C.9,C.9,C.9,C.9,C.7,C.9
https://github.com/NVIDIA/Megatron-LM/issues/888,C.9,C.9,C.9,C.9,C.3,C.9,C.9,C.9
https://github.com/NVIDIA/Megatron-LM/issues/887,C.9,C.9,C.9,C.9,C.3,C.9,C.9,C.9
https://github.com/NVIDIA/Megatron-LM/issues/886,C.9,C.9,C.9,C.9,C.9,C.7,C.9,C.9
https://github.com/NVIDIA/Megatron-LM/issues/885,B.2,B.2,B.2,B.2,B.2,B.2,B.2,B.2
https://github.com/NVIDIA/Megatron-LM/issues/884,C.9,C.9,C.9,C.9,C.9,C.9,C.9,C.9
https://github.com/NVIDIA/Megatron-LM/issues/883,B.2,B.2,B.2,B.2,B.2,B.2,B.2,B.2
https://github.com/NVIDIA/Megatron-LM/issues/882,C.5,C.5,C.5,C.5,C.5,C.5,C.5,C.5
https://github.com/NVIDIA/Megatron-LM/issues/881,B.1,B.1,B.1,B.1,B.1,B.1,B.1,B.1
https://github.com/NVIDIA/Megatron-LM/issues/880,A.3,A.3,A.3,A.3,A.3,A.3,A.3,A.3
https://github.com/NVIDIA/Megatron-LM/issues/879,C.3,C.3,C.3,C.3,C.3,C.3,C.5,C.3
https://github.com/NVIDIA/Megatron-LM/issues/878,A.3,A.3,A.3,A.3,A.3,A.3,A.3,A.3
https://github.com/NVIDIA/Megatron-LM/issues/877,C.3,C.3,C.3,C.3,C.3,C.6,C.3,C.3
https://github.com/NVIDIA/Megatron-LM/issues/876,B.1,B.1,B.2,B.1,B.1,B.1,B.2,B.1
https://github.com/NVIDIA/Megatron-LM/issues/875,C.9,C.9,C.9,C.9,C.9,C.9,C.9,C.9
https://github.com/NVIDIA/Megatron-LM/issues/874,B.2,B.2,B.2,B.2,B.2,B.2,B.2,B.2
https://github.com/NVIDIA/Megatron-LM/issues/873,C.3,C.3,C.3,C.3,C.3,C.10,C.3,C.3
https://github.com/NVIDIA/Megatron-LM/issues/872,C.9,C.9,C.9,C.9,C.9,C.9,C.9,C.9
https://github.com/NVIDIA/Megatron-LM/issues/871,B.1,B.1,B.1,B.1,B.1,B.1,B.1,B.1
https://github.com/NVIDIA/Megatron-LM/issues/870,B.1,B.1,B.1,B.1,B.1,B.1,B.1,B.1
https://github.com/NVIDIA/Megatron-LM/issues/869,C.9,C.9,C.9,C.9,C.2,C.9,C.9,C.9
https://github.com/NVIDIA/Megatron-LM/issues/868,B.2,B.2,B.2,B.2,B.2,B.2,B.2,B.2
https://github.com/NVIDIA/Megatron-LM/issues/867,A.2,A.2,A.2,A.2,A.2,A.2,A.2,A.2
https://github.com/NVIDIA/Megatron-LM/issues/866,C.9,C.9,C.9,C.9,C.9,C.9,C.9,C.9
https://github.com/NVIDIA/Megatron-LM/issues/865,C.3,C.5,C.3,C.3,C.3,C.3,C.3,C.3
https://github.com/NVIDIA/Megatron-LM/issues/864,B.3,B.3,B.3,B.3,B.3,B.3,B.3,B.3
https://github.com/NVIDIA/Megatron-LM/issues/863,B.2,B.2,B.2,B.2,B.2,B.2,B.2,B.2
https://github.com/NVIDIA/Megatron-LM/issues/862,C.5,C.5,C.5,C.5,C.5,C.5,C.5,C.5
https://github.com/NVIDIA/Megatron-LM/issues/861,B.1,B.1,B.1,B.3,B.1,B.1,B.1,B.1
https://github.com/NVIDIA/Megatron-LM/issues/860,B.2,B.2,B.2,B.2,B.4,B.2,B.2,B.2
https://github.com/NVIDIA/Megatron-LM/issues/859,A.2,A.2,A.2,A.2,A.2,A.2,A.2,A.2
https://github.com/NVIDIA/Megatron-LM/issues/858,C.9,C.9,C.9,C.9,C.9,C.9,C.9,C.9
https://github.com/NVIDIA/Megatron-LM/issues/857,B.1,B.1,B.1,B.2,B.1,B.1,B.1,B.1
https://github.com/NVIDIA/Megatron-LM/issues/856,B.2,B.2,B.2,B.2,B.2,B.2,B.2,B.2
https://github.com/NVIDIA/Megatron-LM/issues/855,A.2,A.2,A.2,A.2,A.2,A.2,A.3,A.2
https://github.com/NVIDIA/Megatron-LM/issues/854,C.5,C.5,C.5,C.5,C.5,C.5,C.5,C.5
https://github.com/NVIDIA/Megatron-LM/issues/853,B.3,B.3,B.3,B.3,B.3,B.3,B.3,B.3
https://github.com/NVIDIA/Megatron-LM/issues/852,C.6,C.6,C.6,C.6,C.6,C.9,C.3,C.6
https://github.com/NVIDIA/Megatron-LM/issues/851,B.2,B.2,B.2,B.2,B.2,B.3,B.2,B.2
https://github.com/NVIDIA/Megatron-LM/issues/850,C.9,C.9,C.9,C.9,C.9,C.9,C.9,C.9
https://github.com/NVIDIA/Megatron-LM/issues/849,B.1,B.1,B.1,B.1,B.1,B.1,B.1,B.1
https://github.com/NVIDIA/Megatron-LM/issues/848,C.4,C.4,C.4,C.4,C.4,C.4,C.4,C.4
https://github.com/NVIDIA/Megatron-LM/issues/847,C.5,C.5,C.5,C.5,C.5,C.5,C.5,C.5
https://github.com/NVIDIA/Megatron-LM/issues/846,C.9,C.9,C.9,C.9,C.9,C.9,C.2,C.9
https://github.com/NVIDIA/Megatron-LM/issues/845,A.2,A.2,A.2,A.2,A.2,A.2,A.2,A.2
https://github.com/NVIDIA/Megatron-LM/issues/844,C.3,C.3,C.3,C.3,C.3,B.2,C.3,C.3
https://github.com/NVIDIA/Megatron-LM/issues/843,B.3,B.3,B.3,B.3,B.3,C.10,B.3,B.3
https://github.com/NVIDIA/Megatron-LM/issues/842,C.9,C.9,C.9,C.9,C.9,C.9,C.9,C.9
https://github.com/NVIDIA/Megatron-LM/issues/841,B.2,B.2,B.2,B.2,B.2,B.2,B.4,B.2
https://github.com/NVIDIA/Megatron-LM/issues/840,B.2,B.2,C.6,B.2,B.2,B.2,B.2,B.2
https://github.com/NVIDIA/Megatron-LM/issues/839,C.9,C.9,C.9,C.9,C.9,C.9,C.9,C.9
https://github.com/NVIDIA/Megatron-LM/issues/838,C.5,C.5,C.5,C.5,C.5,C.5,C.5,C.5
https://github.com/NVIDIA/Megatron-LM/issues/837,A.3,A.3,A.3,A.3,A.3,A.3,A.3,A.3
https://github.com/NVIDIA/Megatron-LM/issues/836,B.1,B.1,B.1,B.1,B.1,B.1,B.1,B.1
https://github.com/NVIDIA/Megatron-LM/issues/835,A.2,A.2,A.2,A.2,A.2,A.2,A.2,A.2
https://github.com/NVIDIA/Megatron-LM/issues/834,B.2,B.2,B.2,B.1,B.2,B.2,B.2,B.2
https://github.com/NVIDIA/Megatron-LM/issues/833,C.9,C.9,C.9,C.10,C.9,C.9,C.9,C.9
https://github.com/NVIDIA/Megatron-LM/issues/832,A.2,A.2,A.2,A.2,A.2,A.2,C.5,A.2
https://github.com/NVIDIA/Megatron-LM/issues/831,C.9,C.9,C.8,C.9,C.9,C.9,C.9,C.9
https://github.com/NVIDIA/Megatron-LM/issues/830,B.1,B.1,B.1,B.1,B.1,B.1,B.1,B.1
https://github.com/NVIDIA/Megatron-LM/issues/829,B.1,B.1,B.1,B.1,B.1,B.2,C.7,B.1
https://github.com/NVIDIA/Megatron-LM/issues/828,C.3,C.3,C.3,C.3,C.3,C.3,C.7,C.3
https://github.com/NVIDIA/Megatron-LM/issues/827,C.3,C.3,C.3,C.3,C.3,C.3,C.3,C.3
https://github.com/NVIDIA/Megatron-LM/issues/826,A.2,A.2,A.2,A.2,A.2,A.2,A.2,A.2
https://github.com/NVIDIA/Megatron-LM/issues/825,C.3,C.3,C.3,C.3,C.3,C.3,C.2,C.3
https://github.com/NVIDIA/Megatron-LM/issues/824,B.2,B.2,B.2,B.2,B.2,B.2,B.2,B.2
https://github.com/NVIDIA/Megatron-LM/issues/823,C.9,C.9,C.9,C.9,C.9,C.9,C.9,C.9
https://github.com/NVIDIA/Megatron-LM/issues/822,B.4,B.4,B.4,B.4,B.4,B.4,B.4,B.4
https://github.com/NVIDIA/Megatron-LM/issues/821,A.3,A.3,A.3,A.3,A.3,A.3,A.3,A.3
https://github.com/NVIDIA/Megatron-LM/issues/820,B.4,B.4,B.4,B.4,B.4,B.4,B.4,B.4
https://github.com/NVIDIA/Megatron-LM/issues/819,B.3,B.3,B.3,B.3,B.3,B.3,B.3,B.3
https://github.com/NVIDIA/Megatron-LM/issues/818,B.1,B.1,B.1,B.1,B.1,B.1,B.1,B.1
https://github.com/NVIDIA/Megatron-LM/issues/817,B.2,B.2,B.3,B.2,B.4,B.2,B.2,B.2
https://github.com/NVIDIA/Megatron-LM/issues/816,C.3,C.3,C.3,C.3,C.3,C.3,C.3,C.3
https://github.com/NVIDIA/Megatron-LM/issues/815,C.9,C.9,C.9,C.9,C.9,C.9,C.9,C.9
https://github.com/NVIDIA/Megatron-LM/issues/814,C.9,C.9,C.9,C.9,C.9,C.8,C.9,C.9
https://github.com/NVIDIA/Megatron-LM/issues/813,C.3,C.6,C.4,C.3,C.3,C.3,C.3,C.3
https://github.com/NVIDIA/Megatron-LM/issues/812,C.9,C.9,C.5,C.9,C.9,C.9,C.9,C.9
https://github.com/NVIDIA/Megatron-LM/issues/811,C.9,C.9,C.9,C.9,C.9,C.9,C.9,C.9
https://github.com/NVIDIA/Megatron-LM/issues/810,C.3,C.3,C.3,C.1,C.3,C.3,C.3,C.3
https://github.com/NVIDIA/Megatron-LM/issues/809,B.4,B.3,B.4,B.4,B.4,B.4,B.4,B.4
https://github.com/NVIDIA/Megatron-LM/issues/808,B.1,B.1,B.1,B.3,B.1,B.1,B.1,B.1
https://github.com/NVIDIA/Megatron-LM/issues/807,B.1,B.1,B.1,B.1,B.1,B.1,B.1,B.1
https://github.com/NVIDIA/Megatron-LM/issues/806,B.2,B.2,B.2,B.2,B.2,B.2,C.5,B.2
https://github.com/NVIDIA/Megatron-LM/issues/805,B.4,B.4,B.4,B.4,B.4,B.4,B.4,B.4
https://github.com/NVIDIA/Megatron-LM/issues/804,C.9,C.9,C.9,C.9,C.9,C.9,C.9,C.9
https://github.com/NVIDIA/Megatron-LM/issues/803,B.2,B.2,B.2,B.2,B.2,B.2,B.2,B.2
https://github.com/NVIDIA/Megatron-LM/issues/802,C.6,C.6,C.6,C.6,C.2,B.1,C.6,C.6
https://github.com/NVIDIA/Megatron-LM/issues/801,C.6,C.6,C.6,C.6,C.6,C.5,C.6,C.6
https://github.com/NVIDIA/Megatron-LM/issues/800,C.4,C.7,C.4,C.5,C.4,C.4,C.4,C.4
https://github.com/NVIDIA/Megatron-LM/issues/799,B.2,B.2,B.2,B.2,B.3,B.2,B.3,B.2
https://github.com/NVIDIA/Megatron-LM/issues/798,C.9,C.9,C.9,C.9,C.9,C.9,C.9,C.9
https://github.com/NVIDIA/Megatron-LM/issues/797,A.3,A.3,A.3,A.3,A.3,A.2,A.3,A.3
https://github.com/NVIDIA/Megatron-LM/issues/796,C.9,C.9,C.9,C.3,C.9,C.9,C.9,C.9
https://github.com/NVIDIA/Megatron-LM/issues/795,C.6,C.6,C.6,C.6,C.6,C.1,C.6,C.6
https://github.com/NVIDIA/Megatron-LM/issues/794,C.3,C.3,C.3,C.3,C.3,C.3,C.1,C.3
https://github.com/NVIDIA/Megatron-LM/issues/793,C.5,C.5,C.7,C.5,C.5,C.5,C.5,C.5
https://github.com/NVIDIA/Megatron-LM/issues/792,C.3,C.3,C.3,C.3,C.3,C.3,C.3,C.3
https://github.com/NVIDIA/Megatron-LM/issues/791,B.2,B.4,B.2,B.2,B.2,B.2,B.3,B.2
https://github.com/NVIDIA/Megatron-LM/issues/790,C.5,C.5,C.5,C.5,B.2,C.5,C.5,C.5
https://github.com/NVIDIA/Megatron-LM/issues/789,C.3,C.3,C.3,C.3,C.3,C.3,C.3,C.3
https://github.com/NVIDIA/Megatron-LM/issues/788,B.2,B.2,B.2,B.2,B.2,B.2,B.2,B.2
https://github.com/NVIDIA/Megatron-LM/issues/787,C.5,C.5,C.5,C.5,C.5,C.5,C.5,C.5
https://github.com/NVIDIA/Megatron-LM/issues/786,C.9,C.9,C.9,C.9,C.9,C.7,C.9,C.9
https://github.com/NVIDIA/Megatron-LM/issues/785,C.5,C.5,B.3,C.5,C.5,C.5,C.5,C.5
https://github.com/NVIDIA/Megatron-LM/issues/784,C.9,C.9,C.9,C.9,C.9,C.9,C.9,C.9
https://github.com/NVIDIA/Megatron-LM/issues/783,B.2,B.2,B.2,B.2,B.2,B.2,B.2,B.2
https://github.com/NVIDIA/Megatron-LM/issues/782,B.1,B.1,B.1,B.1,B.1,B.1,B.1,B.1
https://github.com/NVIDIA/Megatron-LM/issues/781,C.9,C.9,C.9,C.9,C.9,C.9,C.9,C.9
https://github.com/NVIDIA/Megatron-LM/issues/780,C.4,C.4,C.4,C.5,C.4,C.4,C.7,C.4
https://github.com/NVIDIA/Megatron-LM/issues/779,C.3,C.3,C.3,C.3,C.3,C.3,C.3,C.3
https://github.com/NVIDIA/Megatron-LM/issues/778,A.2,A.2,A.2,A.1,A.2,A.2,A.2,A.2
https://github.com/NVIDIA/Megatron-LM/issues/777,C.5,C.5,C.5,C.5,C.5,C.5,C.5,C.5
https://github.com/NVIDIA/Megatron-LM/issues/776,A.2,A.2,A.2,A.2,A.2,A.2,A.2,A.2
https://github.com/NVIDIA/Megatron-LM/issues/775,C.3,C.3,C.3,C.3,C.3,C.3,C.3,C.3
https://github.com/NVIDIA/Megatron-LM/issues/774,C.6,C.6,C.6,C.6,C.6,C.3,C.4,C.6
https://github.com/NVIDIA/Megatron-LM/issues/773,B.1,B.1,B.1,B.1,B.1,B.1,B.4,B.1
https://github.com/NVIDIA/Megatron-LM/issues/772,C.9,C.9,C.9,C.9,C.9,C.8,C.9,C.9
https://github.com/NVIDIA/Megatron-LM/issues/771,B.2,B.2,B.1,B.2,B.2,B.2,B.2,B.2
https://github.com/NVIDIA/Megatron-LM/issues/770,A.3,A.3,A.3,A.3,A.3,A.3,A.3,A.3
https://github.com/NVIDIA/Megatron-LM/issues/769,C.4,C.4,C.4,C.4,C.4,C.10,C.4,C.4
https://github.com/NVIDIA/Megatron-LM/issues/768,A.3,A.3,A.3,A.3,A.3,A.3,A.3,A.3
https://github.com/NVIDIA/Megatron-LM/issues/767,B.1,B.1,B.1,B.1,B.1,B.1,B.1,B.1
https://github.com/NVIDIA/Megatron-LM/issues/766,C.3,C.3,C.3,C.3,C.3,C.3,C.3,C.3
https://github.com/NVIDIA/Megatron-LM/issues/765,C.9,C.6,C.2,C.9,C.9,C.9,C.9,C.9
https://github.com/NVIDIA/Megatron-LM/issues/764,A.3,A.3,A.3,A.3,A.3,A.3,A.3,A.3
https://github.com/NVIDIA/Megatron-LM/issues/763,B.1,B.1,B.1,B.1,B.1,B.1,B.1,B.1
https://github.com/NVIDIA/Megatron-LM/issues/762,A.3,A.3,A.3,A.3,A.3,A.3,A.3,A.3
https://github.com/NVIDIA/Megatron-LM/issues/761,C.5,C.5,C.5,C.5,C.5,C.5,C.5,C.5
https://github.com/NVIDIA/Megatron-LM/issues/760,C.5,C.5,C.5,C.5,C.5,C.5,C.1,C.5
https://github.com/NVIDIA/Megatron-LM/issues/759,B.1,B.1,B.1,B.1,B.1,B.1,B.1,B.1
https://github.com/NVIDIA/Megatron-LM/issues/758,B.2,B.2,B.2,B.2,B.2,B.2,B.2,B.2
https://github.com/NVIDIA/Megatron-LM/issues/757,C.9,C.9,C.9,C.9,C.9,C.9,C.9,C.9
https://github.com/NVIDIA/Megatron-LM/issues/756,A.3,A.3,A.3,A.3,A.3,A.3,A.3,A.3
https://github.com/NVIDIA/Megatron-LM/issues/755,B.2,B.2,B.2,B.2,B.2,B.2,B.2,B.2
https://github.com/NVIDIA/Megatron-LM/issues/754,C.4,C.4,C.4,C.4,C.4,C.4,C.4,C.4
https://github.com/NVIDIA/Megatron-LM/issues/753,A.3,A.3,A.3,A.3,A.3,A.3,A.3,A.3
https://github.com/NVIDIA/Megatron-LM/issues/752,C.3,C.3,C.3,C.6,C.3,C.3,C.3,C.3
https://github.com/NVIDIA/Megatron-LM/issues/751,A.2,A.2,A.2,A.2,A.2,A.2,A.2,A.2
https://github.com/NVIDIA/Megatron-LM/issues/750,B.1,B.1,B.1,B.1,B.1,B.1,B.1,B.1
https://github.com/NVIDIA/Megatron-LM/issues/749,B.1,B.1,B.1,B.1,B.1,B.1,B.1,B.1
https://github.com/NVIDIA/Megatron-LM/issues/748,A.3,A.3,A.3,A.3,A.3,A.3,A.3,A.3
https://github.com/NVIDIA/Megatron-LM/issues/747,A.3,A.3,A.3,A.3,A.3,A.3,A.2,A.3
https://github.com/NVIDIA/Megatron-LM/issues/746,C.3,C.3,C.3,C.2,C.3,C.3,C.3,C.3
https://github.com/NVIDIA/Megatron-LM/issues/745,B.2,B.2,B.2,B.2,B.2,B.2,B.2,B.2
https://github.com/NVIDIA/Megatron-LM/issues/744,C.4,C.4,C.4,C.4,C.4,C.4,C.4,C.4
https://github.com/NVIDIA/Megatron-LM/issues/743,C.9,C.9,C.9,C.9,C.9,C.9,C.5,C.9
https://github.com/NVIDIA/Megatron-LM/issues/742,C.3,C.3,C.3,C.3,C.3,C.10,C.3,C.3
https://github.com/NVIDIA/Megatron-LM/issues/741,A.3,A.3,A.3,A.3,A.3,A.3,A.3,A.3
https://github.com/NVIDIA/Megatron-LM/issues/740,C.9,C.9,C.9,C.9,C.9,C.5,C.9,C.9
https://github.com/NVIDIA/Megatron-LM/issues/739,C.9,C.9,C.9,C.9,C.9,C.9,C.9,C.9
https://github.com/NVIDIA/Megatron-LM/issues/738,C.3,C.3,C.3,C.3,C.3,C.3,C.10,C.3
https://github.com/NVIDIA/Megatron-LM/issues/737,C.4,C.2,C.4,C.10,C.4,C.4,C.4,C.4
https://github.com/NVIDIA/Megatron-LM/issues/736,B.2,B.2,B.2,C.3,B.2,B.2,B.2,B.2
https://github.com/NVIDIA/Megatron-LM/issues/735,C.3,C.3,C.3,C.3,C.3,C.3,C.3,C.3
https://github.com/NVIDIA/Megatron-LM/issues/734,A.3,A.3,A.3,A.3,A.3,A.3,A.3,A.3
https://github.com/NVIDIA/Megatron-LM/issues/733,A.3,A.3,A.3,A.3,A.3,A.3,A.3,A.3
https://github.com/NVIDIA/Megatron-LM/issues/732,B.2,B.2,B.2,B.2,B.2,B.2,B.2,B.2
https://github.com/NVIDIA/Megatron-LM/issues/731,C.4,C.4,C.3,C.4,C.4,C.4,C.4,C.4
https://github.com/NVIDIA/Megatron-LM/issues/730,C.5,C.5,C.5,C.8,C.5,C.5,C.5,C.5
https://github.com/NVIDIA/Megatron-LM/issues/729,C.6,C.6,C.6,C.6,C.6,C.6,C.6,C.6
https://github.com/NVIDIA/Megatron-LM/issues/728,B.1,B.1,B.1,B.1,B.1,B.1,B.1,B.1
https://github.com/NVIDIA/Megatron-LM/issues/727,C.8,C.8,C.8,C.8,C.8,C.8,C.7,C.8
https://github.com/NVIDIA/Megatron-LM/issues/726,C.3,C.3,C.3,C.3,C.3,C.3,C.3,C.3
https://github.com/NVIDIA/Megatron-LM/issues/725,C.6,C.6,C.6,C.10,C.6,C.6,B.2,C.6
https://github.com/NVIDIA/Megatron-LM/issues/724,B.2,B.2,B.2,B.2,B.2,B.3,B.2,B.2
https://github.com/NVIDIA/Megatron-LM/issues/723,B.2,B.2,B.2,B.1,B.2,B.2,B.2,B.2
https://github.com/NVIDIA/Megatron-LM/issues/722,C.3,C.3,C.3,C.3,C.3,C.7,C.3,C.3
https://github.com/NVIDIA/Megatron-LM/issues/721,C.9,C.9,C.9,C.9,C.9,C.9,C.9,C.9
https://github.com/NVIDIA/Megatron-LM/issues/720,C.3,C.3,C.3,C.3,C.3,C.3,C.3,C.3
https://github.com/NVIDIA/Megatron-LM/issues/719,B.2,B.2,B.2,B.2,B.2,B.4,B.2,B.2
https://github.com/NVIDIA/Megatron-LM/issues/718,C.6,C.6,C.6,C.6,C.4,C.6,C.10,C.6
https://github.com/NVIDIA/Megatron-LM/issues/717,B.2,B.2,B.2,B.2,B.2,B.2,B.2,B.2
https://github.com/NVIDIA/Megatron-LM/issues/716,A.3,A.3,A.3,A.3,A.3,A.3,A.3,A.3
https://github.com/NVIDIA/Megatron-LM/issues/715,C.5,C.5,C.5,C.5,C.5,C.7,C.5,C.5
https://github.com/NVIDIA/Megatron-LM/issues/714,B.1,B.1,B.1,B.1,B.1,B.1,C.8,B.1
https://github.com/NVIDIA/Megatron-LM/issues/713,A.3,A.3,A.3,A.3,A.3,A.3,A.3,A.3
https://github.com/NVIDIA/Megatron-LM/issues/712,B.3,B.3,B.3,B.3,B.3,B.3,B.4,B.3
https://github.com/NVIDIA/Megatron-LM/issues/711,C.4,C.4,C.4,C.4,C.4,C.4,C.4,C.4
https://github.com/NVIDIA/Megatron-LM/issues/710,B.2,B.2,B.2,B.2,B.2,B.2,B.2,B.2
https://github.com/NVIDIA/Megatron-LM/issues/709,C.5,C.5,C.5,C.5,C.5,C.5,C.5,C.5
https://github.com/NVIDIA/Megatron-LM/issues/708,B.2,B.2,B.2,B.2,B.2,B.2,B.2,B.2
https://github.com/NVIDIA/Megatron-LM/issues/707,B.2,B.2,B.2,B.2,B.2,B.2,B.2,B.2
https://github.com/NVIDIA/Megatron-LM/issues/706,B.2,B.2,B.2,B.2,B.4,B.2,B.2,B.2
https://github.com/NVIDIA/Megatron-LM/issues/705,C.9,C.9,C.6,C.9,C.9,C.9,C.9,C.9
https://github.com/NVIDIA/Megatron-LM/issues/704,C.9,C.9,C.9,C.9,C.9,C.9,C.9,C.9
https://github.com/NVIDIA/Megatron-LM/issues/703,C.5,C.5,C.5,B.2,C.5,C.5,C.5,C.5
https://github.com/NVIDIA/Megatron-LM/issues/702,A.3,A.3,A.3,A.3,A.3,A.3,A.3,A.3
https://github.com/NVIDIA/Megatron-LM/issues/701,C.5,C.5,C.5,C.5,C.5,C.5,B.2,C.5
https://github.com/NVIDIA/Megatron-LM/issues/700,C.3,C.3,C.3,C.3,C.3,C.3,C.3,C.3
https://github.com/NVIDIA/Megatron-LM/issues/699,C.6,C.6,C.6,C.6,C.6,C.6,C.6,C.6
https://github.com/NVIDIA/Megatron-LM/issues/698,B.2,B.2,B.2,B.2,B.2,B.2,B.2,B.2
https://github.com/NVIDIA/Megatron-LM/issues/697,C.6,C.6,C.6,C.6,C.6,C.6,C.6,C.6
https://github.com/NVIDIA/Megatron-LM/issues/696,A.3,A.3,A.3,A.3,A.3,A.3,A.3,A.3
https://github.com/NVIDIA/Megatron-LM/issues/695,A.3,A.3,A.3,A.3,A.3,A.3,A.3,A.3
https://github.com/NVIDIA/Megatron-LM/issues/694,C.5,C.5,C.5,C.5,C.5,C.5,C.5,C.5
https://github.com/NVIDIA/Megatron-LM/issues/693,B.2,B.2,B.2,B.4,B.2,B.2,B.1,B.2
https://github.com/NVIDIA/Megatron-LM/issues/692,C.9,C.9,C.9,C.9,C.9,C.9,C.9,C.9
https://github.com/NVIDIA/Megatron-LM/issues/691,C.3,C.3,C.2,C.3,C.3,C.1,C.3,C.3
https://github.com/NVIDIA/Megatron-LM/issues/690,C.3,C.3,C.3,C.3,C.3,C.3,C.3,C.3
https://github.com/NVIDIA/Megatron-LM/issues/689,B.2,B.2,B.2,B.2,B.3,B.2,B.2,B.2
https://github.com/NVIDIA/Megatron-LM/issues/688,C.5,C.5,C.5,C.5,C.5,C.5,C.9,C.5
https://github.com/NVIDIA/Megatron-LM/issues/687,C.3,C.3,C.3,C.3,C.3,C.3,C.7,C.3
https://github.com/NVIDIA/Megatron-LM/issues/686,C.3,C.3,C.3,C.5,C.3,C.3,C.8,C.3
https://github.com/NVIDIA/Megatron-LM/issues/685,B.1,B.1,B.1,B.2,B.1,B.1,B.1,B.1
https://github.com/NVIDIA/Megatron-LM/issues/684,B.3,B.3,B.3,B.3,B.3,B.3,B.3,B.3
https://github.com/NVIDIA/Megatron-LM/issues/683,A.2,A.2,A.2,A.2,A.2,A.2,A.2,A.2
https://github.com/NVIDIA/Megatron-LM/issues/682,A.3,A.3,A.3,A.3,A.3,A.3,A.3,A.3
https://github.com/NVIDIA/Megatron-LM/issues/681,A.2,A.2,A.2,A.2,A.2,A.2,A.2,A.2
https://github.com/NVIDIA/Megatron-LM/issues/680,C.9,C.9,C.9,C.9,C.8,C.9,C.9,C.9
https://github.com/NVIDIA/Megatron-LM/issues/679,B.2,B.2,B.2,B.2,B.2,B.2,B.2,B.2
https://github.com/NVIDIA/Megatron-LM/issues/678,B.2,B.2,B.2,B.1,B.2,B.2,B.2,B.2
https://github.com/NVIDIA/Megatron-LM/issues/677,C.9,C.9,C.9,C.9,C.9,C.9,C.9,C.9
https://github.com/NVIDIA/Megatron-LM/issues/676,C.6,C.6,C.2,C.6,C.6,C.6,C.6,C.6
https://github.com/NVIDIA/Megatron-LM/issues/675,C.3,C.3,C.3,C.3,C.3,C.3,C.3,C.3
https://github.com/NVIDIA/Megatron-LM/issues/674,B.2,B.2,B.2,B.2,B.2,B.2,B.2,B.2
https://github.com/NVIDIA/Megatron-LM/issues/673,C.4,C.4,C.4,C.7,C.4,C.2,C.4,C.4
https://github.com/NVIDIA/Megatron-LM/issues/672,C.4,C.4,C.4,C.4,C.5,C.4,C.4,C.4
https://github.com/NVIDIA/Megatron-LM/issues/671,B.2,B.2,B.2,B.2,B.4,B.2,B.2,B.2
https://github.com/NVIDIA/Megatron-LM/issues/670,B.1,B.1,B.1,B.1,B.1,B.1,B.1,B.1
https://github.com/NVIDIA/Megatron-LM/issues/669,B.2,B.2,B.2,B.2,B.2,B.4,B.2,B.2
https://github.com/NVIDIA/Megatron-LM/issues/668,B.2,B.2,B.2,B.2,B.2,B.2,B.2,B.2
https://github.com/NVIDIA/Megatron-LM/issues/667,B.2,B.2,B.2,B.2,C.8,B.2,B.2,B.2
https://github.com/NVIDIA/Megatron-LM/issues/666,B.1,B.1,B.1,B.1,B.1,B.1,B.1,B.1
https://github.com/NVIDIA/Megatron-LM/issues/665,C.9,C.9,C.9,C.9,C.9,C.9,C.9,C.9
https://github.com/NVIDIA/Megatron-LM/issues/664,C.3,C.3,C.3,C.3,C.5,C.3,C.3,C.3
https://github.com/NVIDIA/Megatron-LM/issues/663,B.2,B.2,B.2,B.2,B.2,B.2,B.2,B.2
https://github.com/NVIDIA/Megatron-LM/issues/662,A.3,A.3,A.3,A.3,A.3,A.3,A.3,A.3
https://github.com/NVIDIA/Megatron-LM/issues/661,A.3,A.3,A.3,A.3,A.3,A.3,A.3,A.3
https://github.com/NVIDIA/Megatron-LM/issues/660,C.5,C.5,C.10,C.5,C.5,C.5,C.5,C.5
https://github.com/NVIDIA/Megatron-LM/issues/659,C.3,C.3,C.3,C.5,C.3,C.2,C.3,C.3
https://github.com/NVIDIA/Megatron-LM/issues/658,B.1,B.1,B.1,B.1,B.1,B.1,B.1,B.1
https://github.com/NVIDIA/Megatron-LM/issues/657,C.5,C.5,C.5,C.5,C.5,C.5,C.5,C.5
https://github.com/NVIDIA/Megatron-LM/issues/656,C.5,C.5,C.5,C.5,C.10,C.5,C.5,C.5
https://github.com/NVIDIA/Megatron-LM/issues/655,C.3,C.3,C.3,C.3,C.3,C.7,C.3,C.3
https://github.com/NVIDIA/Megatron-LM/issues/654,B.2,B.2,B.2,B.2,B.2,B.2,B.2,B.2
https://github.com/NVIDIA/Megatron-LM/issues/653,B.2,B.2,B.2,B.2,B.2,B.2,B.2,B.2
https://github.com/NVIDIA/Megatron-LM/issues/652,B.2,B.2,B.2,B.2,B.2,B.2,B.2,B.2
https://github.com/NVIDIA/Megatron-LM/issues/651,B.2,B.2,B.2,B.2,B.2,B.2,B.2,B.2
https://github.com/NVIDIA/Megatron-LM/issues/650,A.3,A.3,A.3,A.3,A.3,A.3,A.3,A.3
https://github.com/NVIDIA/Megatron-LM/issues/649,B.2,B.2,B.2,B.2,B.2,B.2,B.2,B.2
https://github.com/NVIDIA/Megatron-LM/issues/648,B.2,B.2,B.2,B.1,B.2,B.2,B.2,B.2
https://github.com/NVIDIA/Megatron-LM/issues/647,C.5,C.5,C.5,C.5,C.8,C.3,C.5,C.5
https://github.com/NVIDIA/Megatron-LM/issues/646,C.9,C.9,C.9,C.9,C.9,C.9,C.9,C.9
https://github.com/NVIDIA/Megatron-LM/issues/645,C.5,C.5,C.5,C.5,C.5,C.5,C.5,C.5
https://github.com/NVIDIA/Megatron-LM/issues/644,A.3,A.3,A.3,A.3,A.3,A.3,A.3,A.3
https://github.com/NVIDIA/Megatron-LM/issues/643,C.4,C.4,C.4,C.4,C.8,C.2,C.4,C.4
https://github.com/NVIDIA/Megatron-LM/issues/642,A.2,A.2,A.2,A.2,A.2,A.2,A.2,A.2
https://github.com/NVIDIA/Megatron-LM/issues/641,C.9,C.9,C.9,C.7,C.9,C.9,C.9,C.9
https://github.com/NVIDIA/Megatron-LM/issues/640,B.2,B.2,B.4,B.2,B.2,B.2,B.2,B.2
https://github.com/NVIDIA/Megatron-LM/issues/639,C.6,C.2,C.9,C.6,C.6,C.6,C.6,C.6
https://github.com/NVIDIA/Megatron-LM/issues/638,B.1,B.1,B.1,B.1,B.1,B.1,B.2,B.1
https://github.com/NVIDIA/Megatron-LM/issues/637,B.2,B.2,B.2,B.2,B.4,B.2,B.2,B.2
https://github.com/NVIDIA/Megatron-LM/issues/636,B.3,B.3,B.2,B.3,B.3,B.3,B.3,B.3
https://github.com/NVIDIA/Megatron-LM/issues/635,C.9,C.9,C.9,C.9,C.9,C.9,C.9,C.9
https://github.com/NVIDIA/Megatron-LM/issues/634,B.2,B.2,B.2,B.2,B.2,B.2,B.2,B.2
https://github.com/NVIDIA/Megatron-LM/issues/633,B.4,B.4,B.4,B.4,B.4,B.4,B.4,B.4
https://github.com/NVIDIA/Megatron-LM/issues/632,C.5,C.5,C.5,C.5,C.5,C.3,C.6,C.5
https://github.com/NVIDIA/Megatron-LM/issues/631,C.9,C.9,C.9,C.9,C.9,C.8,C.5,C.9
https://github.com/NVIDIA/Megatron-LM/issues/630,C.9,C.9,C.9,C.9,C.9,C.9,C.9,C.9
https://github.com/NVIDIA/Megatron-LM/issues/629,B.2,B.2,B.2,B.2,B.3,B.2,B.2,B.2
https://github.com/NVIDIA/Megatron-LM/issues/628,C.9,C.9,C.9,C.3,C.9,C.9,C.9,C.9
https://github.com/NVIDIA/Megatron-LM/issues/627,C.3,C.3,C.3,C.3,C.3,C.3,C.7,C.3
https://github.com/NVIDIA/Megatron-LM/issues/626,C.9,C.9,C.9,C.9,C.9,C.9,C.9,C.9
https://github.com/NVIDIA/Megatron-LM/issues/625,C.3,C.3,C.3,C.10,C.3,C.3,C.7,C.3
https://github.com/NVIDIA/Megatron-LM/issues/624,C.9,C.9,C.9,C.9,C.10,C.9,C.9,C.9
https://github.com/NVIDIA/Megatron-LM/issues/623,C.6,C.8,C.5,C.6,C.6,C.6,C.6,C.6
https://github.com/NVIDIA/Megatron-LM/issues/622,C.3,C.3,C.3,C.7,C.3,C.3,C.3,C.3
https://github.com/NVIDIA/Megatron-LM/issues/621,A.3,A.3,A.3,A.3,A.3,A.3,A.3,A.3
https://github.com/NVIDIA/Megatron-LM/issues/620,C.3,C.3,C.3,C.3,C.3,C.3,C.3,C.3
https://github.com/NVIDIA/Megatron-LM/issues/619,C.3,C.3,C.3,C.3,C.3,C.3,C.3,C.3
https://github.com/NVIDIA/Megatron-LM/issues/618,B.2,B.2,B.2,B.4,B.2,B.2,B.2,B.2
https://github.com/NVIDIA/Megatron-LM/issues/617,B.3,B.3,B.3,B.3,B.3,B.3,B.3,B.3
https://github.com/NVIDIA/Megatron-LM/issues/616,B.2,B.2,B.2,B.2,B.2,B.2,B.2,B.2
https://github.com/NVIDIA/Megatron-LM/issues/615,C.5,C.5,C.10,C.5,C.5,C.5,C.5,C.5
https://github.com/NVIDIA/Megatron-LM/issues/614,C.5,C.5,C.5,C.5,C.5,C.5,C.9,C.5
https://github.com/NVIDIA/Megatron-LM/issues/613,B.2,B.2,B.1,B.2,B.2,B.2,B.2,B.2
https://github.com/NVIDIA/Megatron-LM/issues/612,C.6,C.6,C.6,C.6,C.9,C.2,C.6,C.6
https://github.com/NVIDIA/Megatron-LM/issues/611,B.3,B.3,B.1,B.3,B.3,B.3,B.3,B.3
https://github.com/NVIDIA/Megatron-LM/issues/610,B.2,B.2,B.2,B.2,C.9,B.2,B.2,B.2
https://github.com/NVIDIA/Megatron-LM/issues/609,C.9,C.9,C.9,C.9,C.9,C.9,C.9,C.9
https://github.com/NVIDIA/Megatron-LM/issues/608,C.3,C.3,C.3,C.3,C.3,C.3,C.1,C.3
https://github.com/NVIDIA/Megatron-LM/issues/607,C.4,C.4,C.4,C.4,C.4,C.4,C.4,C.4
https://github.com/NVIDIA/Megatron-LM/issues/606,B.1,B.1,B.1,B.1,B.1,B.1,B.2,B.1
https://github.com/NVIDIA/Megatron-LM/issues/605,C.6,C.6,C.6,C.6,C.6,C.6,C.6,C.6
https://github.com/NVIDIA/Megatron-LM/issues/604,C.6,C.6,C.6,C.6,C.6,C.6,C.6,C.6
https://github.com/NVIDIA/Megatron-LM/issues/603,A.3,A.3,A.3,A.3,A.3,A.3,A.3,A.3
https://github.com/NVIDIA/Megatron-LM/issues/602,C.5,C.5,C.5,C.5,C.2,C.5,C.5,C.5
https://github.com/NVIDIA/Megatron-LM/issues/601,C.9,C.9,C.9,C.9,C.9,C.9,C.9,C.9
https://github.com/NVIDIA/Megatron-LM/issues/600,A.3,A.3,A.3,A.3,A.3,A.3,A.3,A.3
https://github.com/NVIDIA/Megatron-LM/issues/599,C.3,C.3,C.3,C.3,C.3,C.3,C.3,C.3
https://github.com/NVIDIA/Megatron-LM/issues/598,C.6,C.6,C.6,C.6,C.6,C.6,C.6,C.6
https://github.com/NVIDIA/Megatron-LM/issues/597,A.3,A.3,A.3,A.3,A.3,A.3,A.3,A.3
https://github.com/NVIDIA/Megatron-LM/issues/596,A.3,A.3,A.3,A.3,A.3,A.3,A.3,A.3
https://github.com/NVIDIA/Megatron-LM/issues/595,A.2,A.2,A.2,A.2,A.2,A.2,A.2,A.2
https://github.com/NVIDIA/Megatron-LM/issues/594,A.2,A.2,A.2,A.2,A.2,A.2,A.2,A.2
https://github.com/NVIDIA/Megatron-LM/issues/593,C.9,C.9,C.9,C.9,C.9,C.9,C.9,C.9
https://github.com/NVIDIA/Megatron-LM/issues/592,B.2,B.2,B.2,B.2,C.7,B.2,B.4,B.2
https://github.com/NVIDIA/Megatron-LM/issues/591,C.5,C.5,C.5,C.5,C.5,C.5,C.5,C.5
https://github.com/NVIDIA/Megatron-LM/issues/590,B.3,B.3,B.3,B.3,B.4,B.1,B.3,B.3
https://github.com/NVIDIA/Megatron-LM/issues/589,B.2,B.2,B.2,B.2,B.2,B.2,B.2,B.2
https://github.com/NVIDIA/Megatron-LM/issues/588,A.3,A.3,A.3,A.3,A.3,A.3,A.3,A.3
https://github.com/NVIDIA/Megatron-LM/issues/587,B.3,B.3,B.3,B.3,B.3,B.3,B.3,B.3
https://github.com/NVIDIA/Megatron-LM/issues/586,C.3,C.3,C.1,C.9,C.3,C.3,C.3,C.3
https://github.com/NVIDIA/Megatron-LM/issues/585,B.2,B.2,B.2,B.2,B.2,B.2,B.4,B.2
https://github.com/NVIDIA/Megatron-LM/issues/584,C.6,C.6,C.6,C.6,C.2,C.6,C.6,C.6
https://github.com/NVIDIA/Megatron-LM/issues/583,B.2,B.2,B.2,B.2,B.2,B.2,B.2,B.2
https://github.com/NVIDIA/Megatron-LM/issues/582,B.2,B.2,B.2,B.2,B.2,B.2,B.2,B.2
https://github.com/NVIDIA/Megatron-LM/issues/581,B.3,B.3,B.3,B.3,B.3,B.4,B.3,B.3
https://github.com/NVIDIA/Megatron-LM/issues/580,C.3,C.3,C.3,C.3,C.3,C.3,C.5,C.3
https://github.com/NVIDIA/Megatron-LM/issues/579,B.3,B.3,B.3,B.3,B.3,B.3,B.3,B.3
https://github.com/NVIDIA/Megatron-LM/issues/578,C.3,C.3,C.3,C.3,C.3,C.3,C.3,C.3
https://github.com/NVIDIA/Megatron-LM/issues/577,B.1,B.1,B.1,B.1,B.1,B.1,B.1,B.1
https://github.com/NVIDIA/Megatron-LM/issues/576,C.6,C.6,C.6,C.6,C.7,C.9,C.6,C.6
https://github.com/NVIDIA/Megatron-LM/issues/575,C.5,C.5,C.5,C.5,C.5,C.5,C.5,C.5
https://github.com/NVIDIA/Megatron-LM/issues/574,B.2,B.2,B.2,B.2,B.2,B.2,B.2,B.2
https://github.com/NVIDIA/Megatron-LM/issues/573,B.1,B.1,B.1,B.1,B.1,B.1,B.4,B.1
https://github.com/NVIDIA/Megatron-LM/issues/572,C.9,C.9,C.9,C.1,C.9,C.9,C.9,C.9
https://github.com/NVIDIA/Megatron-LM/issues/571,C.3,C.3,C.3,C.3,C.3,C.3,C.9,C.3
https://github.com/NVIDIA/Megatron-LM/issues/570,C.3,C.3,C.3,C.3,C.3,C.3,C.3,C.3
https://github.com/NVIDIA/Megatron-LM/issues/569,B.2,B.2,B.2,B.2,B.2,B.2,B.2,B.2
https://github.com/NVIDIA/Megatron-LM/issues/568,C.9,C.9,C.9,C.9,C.3,C.9,C.5,C.9
https://github.com/NVIDIA/Megatron-LM/issues/567,B.4,B.4,B.4,B.4,B.4,B.4,B.4,B.4
https://github.com/NVIDIA/Megatron-LM/issues/565,C.5,C.5,C.5,C.5,C.5,C.5,C.2,C.5
https://github.com/NVIDIA/Megatron-LM/issues/564,B.2,B.2,B.2,B.2,B.2,B.2,B.2,B.2
https://github.com/NVIDIA/Megatron-LM/issues/563,B.2,B.2,B.2,B.2,B.2,B.2,B.2,B.2
https://github.com/NVIDIA/Megatron-LM/issues/562,B.4,B.4,B.4,B.3,B.2,B.4,B.4,B.4
https://github.com/NVIDIA/Megatron-LM/issues/561,C.3,C.3,C.3,C.3,C.3,C.3,C.3,C.3
https://github.com/NVIDIA/Megatron-LM/issues/560,C.9,C.9,C.9,C.9,C.9,C.8,C.9,C.9
https://github.com/NVIDIA/Megatron-LM/issues/559,C.3,C.3,C.3,C.3,C.3,C.3,C.3,C.3
https://github.com/NVIDIA/Megatron-LM/issues/558,B.2,B.2,B.2,B.2,B.2,B.2,B.2,B.2
https://github.com/NVIDIA/Megatron-LM/issues/557,C.3,C.3,C.3,C.3,C.3,C.3,C.3,C.3
https://github.com/NVIDIA/Megatron-LM/issues/556,C.3,C.3,C.3,C.3,C.3,C.3,C.3,C.3
https://github.com/NVIDIA/Megatron-LM/issues/555,B.2,B.2,B.2,B.2,B.2,B.2,B.2,B.2
https://github.com/NVIDIA/Megatron-LM/issues/554,B.2,B.2,B.2,B.2,B.2,B.2,B.2,B.2
https://github.com/NVIDIA/Megatron-LM/issues/553,B.2,B.2,B.2,B.2,B.2,B.2,B.2,B.2
https://github.com/NVIDIA/Megatron-LM/issues/552,C.3,C.3,C.3,C.3,C.3,C.3,C.3,C.3
https://github.com/NVIDIA/Megatron-LM/issues/551,B.2,B.2,B.2,B.2,B.2,B.2,B.2,B.2
https://github.com/NVIDIA/Megatron-LM/issues/550,B.3,B.3,B.3,B.3,B.4,B.3,B.3,B.3
https://github.com/NVIDIA/Megatron-LM/issues/549,B.1,B.1,B.1,B.1,B.1,B.1,B.1,B.1
https://github.com/NVIDIA/Megatron-LM/issues/548,C.5,C.5,C.5,C.5,C.8,C.5,C.5,C.5
https://github.com/NVIDIA/Megatron-LM/issues/547,C.6,C.6,C.9,B.2,C.6,C.6,C.6,C.6
https://github.com/NVIDIA/Megatron-LM/issues/546,C.5,C.5,C.5,C.5,C.5,C.5,C.5,C.5
https://github.com/NVIDIA/Megatron-LM/issues/545,C.9,C.9,C.9,C.9,C.9,C.9,C.9,C.9
https://github.com/NVIDIA/Megatron-LM/issues/544,B.2,B.2,B.2,B.2,B.2,B.2,B.2,B.2
https://github.com/NVIDIA/Megatron-LM/issues/543,B.2,B.2,B.2,B.2,B.2,B.2,B.2,B.2
https://github.com/NVIDIA/Megatron-LM/issues/542,C.9,C.9,C.9,C.9,C.9,C.9,C.9,C.9
https://github.com/NVIDIA/Megatron-LM/issues/541,B.2,B.2,B.2,B.2,B.2,B.2,B.2,B.2
https://github.com/NVIDIA/Megatron-LM/issues/540,B.3,B.3,B.3,B.3,B.4,B.3,C.2,B.3
https://github.com/NVIDIA/Megatron-LM/issues/539,B.2,B.2,B.2,B.4,B.2,B.2,B.2,B.2
https://github.com/NVIDIA/Megatron-LM/issues/538,B.2,B.2,B.2,B.2,B.2,B.2,B.2,B.2
https://github.com/NVIDIA/Megatron-LM/issues/537,C.9,C.9,C.9,C.9,C.9,C.9,C.9,C.9
https://github.com/NVIDIA/Megatron-LM/issues/536,C.5,C.5,C.5,C.5,C.5,C.10,C.10,C.5
https://github.com/NVIDIA/Megatron-LM/issues/535,C.4,C.4,C.4,C.4,C.4,C.4,C.4,C.4
https://github.com/NVIDIA/Megatron-LM/issues/534,B.1,B.1,B.1,B.1,B.1,B.1,B.4,B.1
https://github.com/NVIDIA/Megatron-LM/issues/533,B.2,B.2,B.2,B.2,B.2,B.2,B.1,B.2
https://github.com/NVIDIA/Megatron-LM/issues/532,B.2,B.2,B.2,B.2,B.2,B.2,B.2,B.2
https://github.com/NVIDIA/Megatron-LM/issues/531,C.4,C.4,C.4,C.4,C.4,C.4,C.4,C.4
https://github.com/NVIDIA/Megatron-LM/issues/530,C.3,C.3,C.3,C.3,C.3,C.3,C.2,C.3
https://github.com/NVIDIA/Megatron-LM/issues/529,C.6,C.6,C.6,C.2,C.6,C.6,C.6,C.6
https://github.com/NVIDIA/Megatron-LM/issues/528,B.3,B.3,B.3,B.3,B.3,B.3,B.3,B.3
https://github.com/NVIDIA/Megatron-LM/issues/527,C.3,C.3,C.4,C.8,C.3,C.3,C.3,C.3
https://github.com/NVIDIA/Megatron-LM/issues/526,C.3,C.3,C.3,C.3,C.3,C.3,B.3,C.3
https://github.com/NVIDIA/Megatron-LM/issues/525,B.2,B.2,B.2,B.2,B.1,B.2,B.2,B.2
https://github.com/NVIDIA/Megatron-LM/issues/524,C.9,C.9,C.9,C.3,C.9,C.9,C.9,C.9
https://github.com/NVIDIA/Megatron-LM/issues/523,C.4,C.4,C.4,C.4,C.4,C.4,C.4,C.4
https://github.com/NVIDIA/Megatron-LM/issues/522,C.1,C.1,C.1,C.1,C.1,C.1,C.1,C.1
https://github.com/NVIDIA/Megatron-LM/issues/521,C.5,C.5,C.5,C.5,C.5,C.5,C.5,C.5
https://github.com/NVIDIA/Megatron-LM/issues/520,C.5,C.5,C.5,C.5,C.5,C.5,C.5,C.5
https://github.com/NVIDIA/Megatron-LM/issues/519,C.9,C.9,C.9,C.9,C.9,C.9,C.9,C.9
https://github.com/NVIDIA/Megatron-LM/issues/518,C.3,C.3,C.5,C.3,C.3,C.3,C.3,C.3
https://github.com/NVIDIA/Megatron-LM/issues/517,C.5,C.5,C.5,C.5,B.3,C.5,C.5,C.5
https://github.com/NVIDIA/Megatron-LM/issues/516,C.1,C.1,C.1,C.1,C.1,C.1,C.1,C.1
https://github.com/NVIDIA/Megatron-LM/issues/515,B.2,B.2,B.2,B.2,B.2,B.2,B.2,B.2
https://github.com/NVIDIA/Megatron-LM/issues/514,C.9,C.9,C.9,C.9,C.9,C.9,C.9,C.9
https://github.com/NVIDIA/Megatron-LM/issues/513,C.4,C.4,C.4,C.4,C.4,C.4,C.4,C.4
https://github.com/NVIDIA/Megatron-LM/issues/512,C.7,C.7,C.7,C.7,C.1,C.7,C.7,C.7
https://github.com/NVIDIA/Megatron-LM/issues/511,C.1,C.10,C.1,C.1,C.1,C.1,C.1,C.1
https://github.com/NVIDIA/Megatron-LM/issues/510,B.3,B.3,B.3,B.3,B.3,B.3,B.3,B.3
https://github.com/NVIDIA/Megatron-LM/issues/509,B.3,B.3,B.3,B.3,B.3,B.3,B.3,B.3
https://github.com/NVIDIA/Megatron-LM/issues/508,C.5,C.9,C.5,C.6,C.5,C.5,C.5,C.5
https://github.com/NVIDIA/Megatron-LM/issues/507,C.6,C.6,C.6,C.6,C.6,C.4,C.6,C.6
https://github.com/NVIDIA/Megatron-LM/issues/506,B.2,B.2,B.2,B.2,B.2,B.1,B.2,B.2
https://github.com/NVIDIA/Megatron-LM/issues/505,B.2,B.2,B.4,B.2,B.2,B.2,B.2,B.2
https://github.com/NVIDIA/Megatron-LM/issues/504,C.2,C.2,C.2,C.2,C.2,C.2,C.2,C.2
https://github.com/NVIDIA/Megatron-LM/issues/503,C.10,C.10,C.10,C.10,C.10,C.10,C.7,C.10
https://github.com/NVIDIA/Megatron-LM/issues/502,C.4,C.4,C.4,C.4,C.4,C.4,C.4,C.4
https://github.com/NVIDIA/Megatron-LM/issues/501,C.9,C.9,C.3,C.9,C.9,C.9,C.9,C.9
https://github.com/NVIDIA/Megatron-LM/issues/500,B.2,B.2,B.2,B.4,B.2,B.3,B.2,B.2
https://github.com/NVIDIA/Megatron-LM/issues/499,B.3,B.3,B.3,B.3,B.3,B.3,B.4,B.3
https://github.com/NVIDIA/Megatron-LM/issues/498,C.9,C.9,C.9,C.9,C.9,C.9,C.9,C.9
https://github.com/NVIDIA/Megatron-LM/issues/497,C.1,C.1,C.1,C.1,C.4,C.7,C.1,C.1
https://github.com/NVIDIA/Megatron-LM/issues/496,C.7,C.7,C.7,C.7,C.7,C.7,C.7,C.7
https://github.com/NVIDIA/Megatron-LM/issues/495,C.3,C.3,C.3,C.3,C.3,C.3,C.3,C.3
https://github.com/NVIDIA/Megatron-LM/issues/494,C.2,C.2,C.2,C.2,C.2,C.2,C.2,C.2
https://github.com/NVIDIA/Megatron-LM/issues/493,C.2,C.2,C.2,C.2,C.2,C.2,C.2,C.2
https://github.com/NVIDIA/Megatron-LM/issues/492,C.6,C.6,C.6,C.6,C.1,C.6,C.6,C.6
https://github.com/NVIDIA/Megatron-LM/issues/491,C.1,C.1,C.1,C.1,C.1,C.1,C.1,C.1
https://github.com/NVIDIA/Megatron-LM/issues/490,B.2,B.2,B.2,B.2,B.2,B.2,B.2,B.2
https://github.com/NVIDIA/Megatron-LM/issues/489,C.1,C.1,C.1,C.6,C.1,C.1,C.1,C.1
https://github.com/NVIDIA/Megatron-LM/issues/488,C.2,C.2,C.2,C.2,C.2,C.2,C.2,C.2
https://github.com/NVIDIA/Megatron-LM/issues/487,B.2,B.2,B.2,B.2,B.2,B.2,B.2,B.2
https://github.com/NVIDIA/Megatron-LM/issues/486,C.5,C.5,C.5,C.5,C.5,C.4,C.5,C.5
https://github.com/NVIDIA/Megatron-LM/issues/485,C.3,C.3,C.3,C.3,C.3,C.3,C.7,C.3
https://github.com/NVIDIA/Megatron-LM/issues/484,C.1,C.1,C.1,C.1,C.5,C.1,C.1,C.1
https://github.com/NVIDIA/Megatron-LM/issues/483,C.3,C.3,C.3,C.3,C.10,C.3,C.3,C.3
https://github.com/NVIDIA/Megatron-LM/issues/482,B.3,B.3,B.3,B.3,B.3,B.3,B.3,B.3
https://github.com/NVIDIA/Megatron-LM/issues/481,C.1,C.1,C.1,C.1,C.1,C.1,C.1,C.1
https://github.com/NVIDIA/Megatron-LM/issues/480,B.2,B.2,B.2,B.2,B.2,B.2,B.2,B.2
https://github.com/NVIDIA/Megatron-LM/issues/479,C.9,C.9,C.9,C.9,C.9,C.9,C.9,C.9
https://github.com/NVIDIA/Megatron-LM/issues/478,B.2,B.2,B.2,B.2,B.2,B.2,B.2,B.2
https://github.com/NVIDIA/Megatron-LM/issues/477,C.1,C.1,C.2,C.1,C.1,C.2,C.1,C.1
https://github.com/NVIDIA/Megatron-LM/issues/476,C.2,C.2,C.1,C.2,C.2,C.2,C.2,C.2
https://github.com/NVIDIA/Megatron-LM/issues/475,B.3,B.3,B.3,B.3,B.3,B.3,B.3,B.3
https://github.com/NVIDIA/Megatron-LM/issues/474,C.5,C.5,C.5,C.5,C.5,C.5,C.5,C.5
https://github.com/NVIDIA/Megatron-LM/issues/473,C.7,C.7,C.7,C.10,C.7,C.10,C.7,C.7
https://github.com/NVIDIA/Megatron-LM/issues/472,C.7,C.7,C.7,C.7,C.7,C.7,C.7,C.7
https://github.com/NVIDIA/Megatron-LM/issues/471,C.2,C.2,C.2,C.2,C.2,C.3,C.2,C.2
https://github.com/NVIDIA/Megatron-LM/issues/470,B.3,B.3,B.3,B.3,B.3,B.3,B.3,B.3
https://github.com/NVIDIA/Megatron-LM/issues/469,C.6,C.6,C.6,C.6,C.6,C.6,C.6,C.6
https://github.com/NVIDIA/Megatron-LM/issues/468,C.7,C.9,C.7,C.7,C.9,C.7,C.7,C.7
https://github.com/NVIDIA/Megatron-LM/issues/467,C.9,C.9,C.9,C.9,C.9,C.9,C.9,C.9
https://github.com/NVIDIA/Megatron-LM/issues/466,B.2,B.2,B.2,B.2,B.2,B.2,B.2,B.2
https://github.com/NVIDIA/Megatron-LM/issues/465,B.2,B.2,B.2,B.2,B.2,B.2,B.2,B.2
https://github.com/NVIDIA/Megatron-LM/issues/464,B.3,B.3,B.3,B.3,B.3,B.3,B.3,B.3
https://github.com/NVIDIA/Megatron-LM/issues/463,C.9,C.9,C.9,C.9,C.9,C.9,C.9,C.9
https://github.com/NVIDIA/Megatron-LM/issues/462,C.1,C.1,C.1,C.1,C.1,C.1,C.7,C.1
https://github.com/NVIDIA/Megatron-LM/issues/461,C.9,C.3,C.9,C.9,C.9,C.9,C.9,C.9
https://github.com/NVIDIA/Megatron-LM/issues/460,B.3,B.3,B.3,B.2,B.3,B.3,B.1,B.3
https://github.com/NVIDIA/Megatron-LM/issues/459,B.2,B.2,B.2,B.2,B.2,B.2,B.2,B.2
https://github.com/NVIDIA/Megatron-LM/issues/458,C.9,C.9,C.9,C.9,C.9,C.9,C.9,C.9
https://github.com/NVIDIA/Megatron-LM/issues/457,C.6,C.6,C.6,C.6,C.6,C.6,C.6,C.6
https://github.com/NVIDIA/Megatron-LM/issues/456,B.3,B.3,B.3,B.3,B.3,B.3,B.3,B.3
https://github.com/NVIDIA/Megatron-LM/issues/455,C.10,C.8,C.10,C.10,C.3,C.10,C.10,C.10
https://github.com/NVIDIA/Megatron-LM/issues/454,B.3,B.3,B.3,B.3,B.2,B.3,B.3,B.3
https://github.com/NVIDIA/Megatron-LM/issues/453,C.5,C.5,C.5,C.5,C.2,C.5,C.5,C.5
https://github.com/NVIDIA/Megatron-LM/issues/452,C.6,C.6,C.6,C.6,C.6,C.6,C.6,C.6
https://github.com/NVIDIA/Megatron-LM/issues/451,C.5,C.5,C.5,C.5,C.5,C.5,C.5,C.5
https://github.com/NVIDIA/Megatron-LM/issues/450,C.1,C.1,C.1,C.1,C.1,C.1,C.1,C.1
https://github.com/NVIDIA/Megatron-LM/issues/449,C.2,C.2,C.2,C.2,C.2,C.2,C.2,C.2
https://github.com/NVIDIA/Megatron-LM/issues/448,C.6,C.6,C.6,C.6,C.6,C.6,C.6,C.6
https://github.com/NVIDIA/Megatron-LM/issues/447,C.6,C.6,C.6,C.6,C.6,C.6,C.6,C.6
https://github.com/NVIDIA/Megatron-LM/issues/446,B.3,B.3,B.3,B.3,B.3,B.3,B.3,B.3
https://github.com/NVIDIA/Megatron-LM/issues/445,C.4,C.4,C.4,C.6,C.4,C.4,C.4,C.4
https://github.com/NVIDIA/Megatron-LM/issues/444,C.2,C.2,C.2,C.2,C.2,C.2,C.2,C.2
https://github.com/NVIDIA/Megatron-LM/issues/443,C.3,C.3,C.3,C.3,C.1,C.3,C.3,C.3
https://github.com/NVIDIA/Megatron-LM/issues/442,C.4,C.4,C.4,C.4,C.4,C.4,C.4,C.4
https://github.com/NVIDIA/Megatron-LM/issues/441,C.6,C.6,C.6,C.6,C.6,C.10,C.5,C.6
https://github.com/NVIDIA/Megatron-LM/issues/440,C.9,C.9,C.2,C.9,C.9,C.9,C.9,C.9
https://github.com/NVIDIA/Megatron-LM/issues/439,C.5,C.5,C.5,C.5,C.5,C.5,C.5,C.5
https://github.com/NVIDIA/Megatron-LM/issues/438,C.9,C.9,C.9,C.9,C.9,C.9,C.9,C.9
https://github.com/NVIDIA/Megatron-LM/issues/437,C.3,C.3,C.3,C.3,C.3,C.3,C.3,C.3
https://github.com/NVIDIA/Megatron-LM/issues/436,C.3,C.3,C.3,C.3,C.3,C.3,C.3,C.3
https://github.com/NVIDIA/Megatron-LM/issues/435,B.2,B.2,B.2,B.2,B.2,B.2,B.2,B.2
https://github.com/NVIDIA/Megatron-LM/issues/434,C.5,C.5,C.7,C.5,C.5,C.5,C.5,C.5
https://github.com/NVIDIA/Megatron-LM/issues/433,C.2,C.2,C.2,C.1,C.2,C.2,C.2,C.2
https://github.com/NVIDIA/Megatron-LM/issues/432,B.2,B.2,B.2,B.2,B.2,B.3,B.2,B.2
https://github.com/NVIDIA/Megatron-LM/issues/431,C.6,C.6,C.6,C.6,C.6,C.1,C.6,C.6
https://github.com/NVIDIA/Megatron-LM/issues/430,C.9,C.9,C.9,C.6,C.9,C.9,C.9,C.9
https://github.com/NVIDIA/Megatron-LM/issues/429,C.9,C.9,C.9,C.9,C.9,C.9,C.2,C.9
https://github.com/NVIDIA/Megatron-LM/issues/428,B.2,B.2,B.2,B.2,B.2,B.2,B.2,B.2
https://github.com/NVIDIA/Megatron-LM/issues/427,C.9,C.9,C.9,C.9,C.9,C.9,C.9,C.9
https://github.com/NVIDIA/Megatron-LM/issues/426,C.9,C.9,C.9,C.9,C.1,C.9,C.9,C.9
https://github.com/NVIDIA/Megatron-LM/issues/425,C.6,C.6,C.6,C.6,C.2,C.6,C.6,C.6
https://github.com/NVIDIA/Megatron-LM/issues/424,C.7,C.7,C.7,C.7,C.7,C.7,C.4,C.7
https://github.com/NVIDIA/Megatron-LM/issues/423,B.2,B.2,B.2,B.2,B.2,B.2,B.2,B.2
https://github.com/NVIDIA/Megatron-LM/issues/422,C.1,C.1,C.1,C.1,C.1,C.6,C.1,C.1
https://github.com/NVIDIA/Megatron-LM/issues/421,C.9,C.9,C.9,C.9,C.9,C.9,C.9,C.9
https://github.com/NVIDIA/Megatron-LM/issues/420,C.3,C.3,C.3,C.3,C.3,C.3,C.3,C.3
https://github.com/NVIDIA/Megatron-LM/issues/419,C.1,C.1,C.1,C.1,C.1,C.1,C.1,C.1
https://github.com/NVIDIA/Megatron-LM/issues/418,C.5,C.5,C.5,C.3,C.5,C.2,C.5,C.5
https://github.com/NVIDIA/Megatron-LM/issues/417,B.2,B.2,B.2,B.2,B.2,B.2,B.2,B.2
https://github.com/NVIDIA/Megatron-LM/issues/416,C.1,C.1,C.1,C.10,C.1,C.1,C.1,C.1
https://github.com/NVIDIA/Megatron-LM/issues/415,C.7,C.7,C.7,C.7,C.7,C.7,C.7,C.7
https://github.com/NVIDIA/Megatron-LM/issues/414,C.9,C.9,C.9,C.9,C.9,C.9,C.3,C.9
https://github.com/NVIDIA/Megatron-LM/issues/413,C.2,C.2,C.2,C.2,C.2,C.2,C.2,C.2
https://github.com/NVIDIA/Megatron-LM/issues/412,C.5,C.5,C.5,C.5,C.5,C.5,C.5,C.5
https://github.com/NVIDIA/Megatron-LM/issues/411,C.5,C.5,C.5,C.5,C.6,C.5,C.5,C.5
https://github.com/NVIDIA/Megatron-LM/issues/410,C.9,C.9,C.9,C.9,C.9,C.9,C.9,C.9
https://github.com/NVIDIA/Megatron-LM/issues/409,C.9,C.9,C.9,C.9,C.9,C.9,C.3,C.9
https://github.com/NVIDIA/Megatron-LM/issues/408,C.9,C.9,C.9,C.9,C.9,C.9,C.1,C.9
https://github.com/NVIDIA/Megatron-LM/issues/407,C.7,C.1,C.7,C.7,C.7,C.7,C.7,C.7
https://github.com/NVIDIA/Megatron-LM/issues/406,C.9,C.9,C.9,C.1,C.9,C.9,C.5,C.9
https://github.com/NVIDIA/Megatron-LM/issues/405,C.5,C.5,C.5,C.5,C.5,C.5,C.5,C.5
https://github.com/NVIDIA/Megatron-LM/issues/404,C.9,C.9,C.4,C.9,C.9,C.1,C.9,C.9
https://github.com/NVIDIA/Megatron-LM/issues/403,C.7,C.5,C.7,C.9,C.7,C.7,C.7,C.7
https://github.com/NVIDIA/Megatron-LM/issues/402,C.9,C.9,C.9,C.9,C.5,C.9,C.9,C.9
https://github.com/NVIDIA/Megatron-LM/issues/401,B.2,B.2,B.2,B.2,B.4,B.2,B.2,B.2
https://github.com/NVIDIA/Megatron-LM/issues/400,C.9,C.9,C.9,C.9,C.9,C.7,C.1,C.9
https://github.com/NVIDIA/Megatron-LM/issues/399,C.9,C.9,C.9,C.9,C.9,C.9,C.9,C.9
https://github.com/NVIDIA/Megatron-LM/issues/398,C.7,C.7,C.7,C.7,C.7,C.7,C.4,C.7
https://github.com/NVIDIA/Megatron-LM/issues/397,C.10,C.10,C.10,C.10,C.10,C.10,C.7,C.10
https://github.com/NVIDIA/Megatron-LM/issues/396,C.2,C.2,C.2,C.2,C.2,C.3,C.8,C.2
https://github.com/NVIDIA/Megatron-LM/issues/395,C.6,C.6,C.6,C.6,C.1,C.6,C.3,C.6
https://github.com/NVIDIA/Megatron-LM/issues/394,C.7,C.7,C.7,C.7,C.7,C.7,C.7,C.7
https://github.com/NVIDIA/Megatron-LM/issues/393,C.9,C.9,C.9,C.9,C.9,C.9,C.9,C.9
https://github.com/NVIDIA/Megatron-LM/issues/392,C.5,C.5,C.5,C.5,C.5,C.5,C.5,C.5
https://github.com/NVIDIA/Megatron-LM/issues/391,B.2,B.2,B.2,B.2,B.2,B.2,B.2,B.2
https://github.com/NVIDIA/Megatron-LM/issues/390,C.9,C.9,C.9,C.9,C.9,C.9,C.9,C.9
https://github.com/NVIDIA/Megatron-LM/issues/389,C.9,C.9,C.9,C.9,C.8,C.5,C.9,C.9
https://github.com/NVIDIA/Megatron-LM/issues/388,C.6,C.6,C.6,C.6,C.6,C.6,C.3,C.6
https://github.com/NVIDIA/Megatron-LM/issues/387,C.6,C.6,C.6,C.6,C.6,C.6,C.6,C.6
https://github.com/NVIDIA/Megatron-LM/issues/386,C.3,C.3,C.3,C.3,C.3,C.3,C.3,C.3
https://github.com/NVIDIA/Megatron-LM/issues/385,C.5,C.5,C.5,C.5,C.5,C.5,C.7,C.5
https://github.com/NVIDIA/Megatron-LM/issues/384,B.2,B.2,B.2,B.2,B.2,B.2,B.2,B.2
https://github.com/NVIDIA/Megatron-LM/issues/383,C.5,C.5,C.5,C.5,C.5,C.5,C.5,C.5
https://github.com/NVIDIA/Megatron-LM/issues/382,C.3,C.3,C.3,B.2,C.3,C.3,C.1,C.3
https://github.com/NVIDIA/Megatron-LM/issues/381,B.2,B.2,B.2,B.2,B.2,B.2,B.2,B.2
https://github.com/NVIDIA/Megatron-LM/issues/380,C.2,C.2,C.2,C.2,C.2,C.2,C.2,C.2
https://github.com/NVIDIA/Megatron-LM/issues/379,C.1,C.1,C.1,C.1,C.1,C.1,C.1,C.1
https://github.com/NVIDIA/Megatron-LM/issues/378,C.6,C.6,C.6,C.6,C.6,C.6,C.6,C.6
https://github.com/NVIDIA/Megatron-LM/issues/377,C.7,C.7,C.7,C.7,C.7,C.7,C.7,C.7
https://github.com/NVIDIA/Megatron-LM/issues/376,C.1,C.1,C.1,C.1,C.1,C.1,C.1,C.1
https://github.com/NVIDIA/Megatron-LM/issues/375,C.4,C.4,C.4,C.4,C.8,C.4,C.4,C.4
https://github.com/NVIDIA/Megatron-LM/issues/374,C.5,C.5,C.5,C.5,C.5,C.5,C.5,C.5
https://github.com/NVIDIA/Megatron-LM/issues/373,C.9,C.9,C.9,C.9,C.9,C.5,C.9,C.9
https://github.com/NVIDIA/Megatron-LM/issues/372,C.3,C.3,C.3,C.3,C.3,C.3,C.3,C.3
https://github.com/NVIDIA/Megatron-LM/issues/371,C.2,C.2,C.4,C.2,C.2,C.2,B.2,C.2
https://github.com/NVIDIA/Megatron-LM/issues/370,C.6,C.6,C.6,C.6,C.6,C.6,C.8,C.6
https://github.com/NVIDIA/Megatron-LM/issues/369,C.1,C.1,C.1,C.2,C.8,C.1,C.1,C.1
https://github.com/NVIDIA/Megatron-LM/issues/368,C.9,C.9,C.9,C.9,C.4,C.9,C.9,C.9
https://github.com/NVIDIA/Megatron-LM/issues/367,C.5,C.2,C.5,C.5,C.5,C.5,C.1,C.5
https://github.com/NVIDIA/Megatron-LM/issues/366,C.1,C.1,C.1,C.1,C.1,C.1,C.1,C.1
https://github.com/NVIDIA/Megatron-LM/issues/365,C.5,C.5,C.5,C.5,C.5,C.5,C.5,C.5
https://github.com/NVIDIA/Megatron-LM/issues/364,C.9,C.9,C.9,C.9,C.9,C.9,C.9,C.9
https://github.com/NVIDIA/Megatron-LM/issues/363,C.9,C.9,C.9,C.9,C.9,C.5,C.9,C.9
https://github.com/NVIDIA/Megatron-LM/issues/362,C.5,C.5,C.5,C.5,C.5,C.5,C.5,C.5
https://github.com/NVIDIA/Megatron-LM/issues/361,B.2,B.2,B.2,B.2,B.2,B.2,B.2,B.2
https://github.com/NVIDIA/Megatron-LM/issues/360,C.4,C.4,C.4,C.4,C.4,C.4,C.4,C.4
https://github.com/NVIDIA/Megatron-LM/issues/359,C.9,C.9,C.9,B.4,C.9,C.9,C.9,C.9
https://github.com/NVIDIA/Megatron-LM/issues/358,C.1,C.1,C.1,C.1,C.1,C.1,C.1,C.1
https://github.com/NVIDIA/Megatron-LM/issues/357,C.3,C.3,C.3,C.3,C.3,C.7,C.3,C.3
https://github.com/NVIDIA/Megatron-LM/issues/356,C.1,C.1,C.1,C.1,C.1,C.3,C.1,C.1
https://github.com/NVIDIA/Megatron-LM/issues/355,C.9,C.9,C.9,C.9,C.9,C.6,C.9,C.9
https://github.com/NVIDIA/Megatron-LM/issues/354,C.9,C.9,C.9,C.9,C.9,C.9,C.9,C.9
https://github.com/NVIDIA/Megatron-LM/issues/353,C.9,C.9,C.9,C.9,C.9,C.7,C.3,C.9
https://github.com/NVIDIA/Megatron-LM/issues/352,B.3,B.3,B.3,B.3,B.3,B.3,B.3,B.3
https://github.com/NVIDIA/Megatron-LM/issues/351,C.7,C.7,C.7,C.7,C.7,C.1,C.7,C.7
https://github.com/NVIDIA/Megatron-LM/issues/350,C.9,C.9,C.9,C.9,C.5,C.8,C.9,C.9
https://github.com/NVIDIA/Megatron-LM/issues/349,C.2,C.2,C.2,C.2,C.2,C.2,C.2,C.2
https://github.com/NVIDIA/Megatron-LM/issues/348,C.9,C.9,C.9,C.9,C.9,C.1,C.9,C.9
https://github.com/NVIDIA/Megatron-LM/issues/347,C.1,C.1,C.1,C.1,C.1,C.1,C.1,C.1
https://github.com/NVIDIA/Megatron-LM/issues/346,C.5,C.5,C.5,C.5,C.5,C.2,C.8,C.5
https://github.com/NVIDIA/Megatron-LM/issues/345,C.5,C.5,C.5,C.5,C.5,C.5,C.5,C.5
https://github.com/NVIDIA/Megatron-LM/issues/344,C.4,C.4,C.4,C.4,C.4,C.4,C.4,C.4
https://github.com/NVIDIA/Megatron-LM/issues/343,C.3,C.3,C.3,C.2,C.3,C.3,C.3,C.3
https://github.com/NVIDIA/Megatron-LM/issues/341,C.1,C.1,C.1,C.2,C.1,C.1,C.1,C.1
https://github.com/NVIDIA/Megatron-LM/issues/340,C.9,C.9,C.9,C.9,C.9,C.9,C.9,C.9
https://github.com/NVIDIA/Megatron-LM/issues/339,B.2,B.2,B.2,B.2,B.2,B.2,B.2,B.2
https://github.com/NVIDIA/Megatron-LM/issues/338,C.8,C.8,C.8,C.8,C.1,C.8,C.7,C.8
https://github.com/NVIDIA/Megatron-LM/issues/337,B.2,B.2,B.2,B.2,B.2,B.2,B.2,B.2
https://github.com/NVIDIA/Megatron-LM/issues/336,C.3,C.3,C.3,C.3,C.3,C.3,C.3,C.3
https://github.com/NVIDIA/Megatron-LM/issues/335,C.10,C.10,C.10,C.10,C.10,C.10,C.10,C.10
https://github.com/NVIDIA/Megatron-LM/issues/334,C.10,C.10,C.10,C.10,C.10,C.10,C.10,C.10
https://github.com/NVIDIA/Megatron-LM/issues/333,C.5,C.5,C.5,C.5,C.9,C.5,C.5,C.5
https://github.com/NVIDIA/Megatron-LM/issues/332,C.6,C.6,C.6,C.6,C.6,C.6,C.6,C.6
https://github.com/NVIDIA/Megatron-LM/issues/331,C.3,C.3,C.3,C.3,C.3,C.3,C.1,C.3
https://github.com/NVIDIA/Megatron-LM/issues/330,C.2,C.2,C.2,C.2,C.2,B.3,C.2,C.2
https://github.com/NVIDIA/Megatron-LM/issues/329,C.1,C.1,C.1,C.1,C.1,C.9,C.1,C.1
https://github.com/NVIDIA/Megatron-LM/issues/328,C.1,C.1,C.1,C.1,C.1,C.1,C.1,C.1
https://github.com/NVIDIA/Megatron-LM/issues/327,C.9,C.9,C.9,C.9,C.9,C.9,C.9,C.9
https://github.com/NVIDIA/Megatron-LM/issues/326,C.5,C.5,C.8,C.5,C.5,C.5,C.5,C.5
https://github.com/NVIDIA/Megatron-LM/issues/325,C.10,C.10,C.10,C.10,C.10,C.10,C.10,C.10
https://github.com/NVIDIA/Megatron-LM/issues/324,C.5,C.5,C.5,C.5,C.5,C.5,C.9,C.5
https://github.com/NVIDIA/Megatron-LM/issues/323,C.3,C.3,C.3,C.3,C.4,C.3,C.3,C.3
https://github.com/NVIDIA/Megatron-LM/issues/322,C.10,C.10,C.10,C.10,C.10,C.10,C.10,C.10
https://github.com/NVIDIA/Megatron-LM/issues/321,C.9,C.9,C.8,C.9,C.9,C.9,C.9,C.9
https://github.com/NVIDIA/Megatron-LM/issues/320,C.9,C.9,C.9,C.9,C.9,C.10,B.3,C.9
https://github.com/NVIDIA/Megatron-LM/issues/319,C.1,C.1,C.1,C.1,C.1,C.1,C.1,C.1
https://github.com/NVIDIA/Megatron-LM/issues/318,C.5,C.5,C.5,C.7,C.5,C.5,C.5,C.5
https://github.com/NVIDIA/Megatron-LM/issues/317,C.9,C.9,C.9,C.9,C.9,C.9,C.5,C.9
https://github.com/NVIDIA/Megatron-LM/issues/316,C.1,C.1,C.1,C.1,C.1,C.1,C.1,C.1
https://github.com/NVIDIA/Megatron-LM/issues/314,C.5,C.5,C.5,C.5,C.5,C.2,C.5,C.5
https://github.com/NVIDIA/Megatron-LM/issues/313,B.2,B.2,B.3,B.2,B.2,C.5,B.2,B.2
https://github.com/NVIDIA/Megatron-LM/issues/312,C.7,C.7,C.7,C.6,C.7,C.7,C.7,C.7
https://github.com/NVIDIA/Megatron-LM/issues/311,C.1,C.1,C.1,C.1,C.1,C.1,C.1,C.1
https://github.com/NVIDIA/Megatron-LM/issues/310,C.6,C.6,C.6,C.6,C.1,C.4,C.6,C.6
https://github.com/NVIDIA/Megatron-LM/issues/309,C.7,C.7,C.3,C.7,C.8,C.7,C.7,C.7
https://github.com/NVIDIA/Megatron-LM/issues/308,C.1,C.1,C.1,C.1,C.1,C.5,C.1,C.1
https://github.com/NVIDIA/Megatron-LM/issues/307,C.2,C.2,C.2,C.2,C.2,C.2,C.2,C.2
https://github.com/NVIDIA/Megatron-LM/issues/306,C.1,C.1,C.1,C.1,C.1,C.1,C.1,C.1
https://github.com/NVIDIA/Megatron-LM/issues/305,C.5,C.5,C.5,C.5,C.5,C.5,C.5,C.5
https://github.com/NVIDIA/Megatron-LM/issues/304,C.9,C.9,C.9,C.9,C.9,C.9,C.9,C.9
https://github.com/NVIDIA/Megatron-LM/issues/303,C.6,C.6,C.6,C.6,C.6,C.6,C.4,C.6
https://github.com/NVIDIA/Megatron-LM/issues/302,C.3,C.3,C.3,C.3,C.3,C.3,C.9,C.3
https://github.com/NVIDIA/Megatron-LM/issues/301,C.7,C.7,C.7,C.7,C.7,C.1,C.7,C.7
https://github.com/NVIDIA/Megatron-LM/issues/300,B.1,B.1,B.1,B.1,B.1,B.1,B.1,B.1
https://github.com/NVIDIA/Megatron-LM/issues/299,C.9,C.9,C.9,C.9,C.9,C.9,C.9,C.9
https://github.com/NVIDIA/Megatron-LM/issues/298,C.1,C.1,C.1,C.1,C.1,C.1,C.1,C.1
https://github.com/NVIDIA/Megatron-LM/issues/297,C.5,C.5,C.5,C.5,B.3,C.5,C.5,C.5
https://github.com/NVIDIA/Megatron-LM/issues/296,C.5,C.5,C.5,C.5,C.5,C.5,C.5,C.5
https://github.com/NVIDIA/Megatron-LM/issues/295,C.1,C.1,C.1,C.1,C.3,C.1,C.1,C.1
https://github.com/NVIDIA/Megatron-LM/issues/294,C.1,C.1,C.1,C.5,C.1,C.1,C.1,C.1
https://github.com/NVIDIA/Megatron-LM/issues/293,C.1,C.1,C.1,C.1,C.1,C.1,C.6,C.1
https://github.com/NVIDIA/Megatron-LM/issues/292,B.3,B.3,B.3,B.3,B.3,B.3,B.3,B.3
https://github.com/NVIDIA/Megatron-LM/issues/291,C.6,C.6,C.6,C.6,C.6,C.6,C.1,C.6
https://github.com/NVIDIA/Megatron-LM/issues/290,C.5,C.5,C.5,C.5,C.5,C.5,C.5,C.5
https://github.com/NVIDIA/Megatron-LM/issues/289,C.5,C.5,C.3,C.5,C.5,C.5,C.5,C.5
https://github.com/NVIDIA/Megatron-LM/issues/288,B.2,B.2,B.2,B.2,B.2,B.2,B.2,B.2
https://github.com/NVIDIA/Megatron-LM/issues/287,B.2,B.2,B.2,B.2,B.2,B.2,B.2,B.2
https://github.com/NVIDIA/Megatron-LM/issues/286,B.2,B.2,B.2,B.2,B.2,B.3,B.2,B.2
https://github.com/NVIDIA/Megatron-LM/issues/285,C.10,C.10,C.10,C.10,C.1,C.10,C.10,C.10
https://github.com/NVIDIA/Megatron-LM/issues/284,C.1,C.1,C.1,C.1,C.1,C.1,C.1,C.1
https://github.com/NVIDIA/Megatron-LM/issues/283,C.1,C.1,C.1,C.1,C.1,C.1,C.1,C.1
https://github.com/NVIDIA/Megatron-LM/issues/282,B.2,B.2,B.2,B.2,B.2,C.7,B.3,B.2
https://github.com/NVIDIA/Megatron-LM/issues/281,B.2,B.2,B.2,B.2,B.2,B.3,B.2,B.2
https://github.com/NVIDIA/Megatron-LM/issues/280,B.2,B.2,B.2,B.2,B.2,B.2,B.2,B.2
https://github.com/NVIDIA/Megatron-LM/issues/279,C.7,C.7,C.7,C.7,C.1,C.7,C.3,C.7
https://github.com/NVIDIA/Megatron-LM/issues/278,C.1,C.1,C.1,C.1,C.1,C.1,C.1,C.1
https://github.com/NVIDIA/Megatron-LM/issues/277,C.7,C.7,C.7,C.7,C.7,C.7,C.7,C.7
https://github.com/NVIDIA/Megatron-LM/issues/276,C.5,C.5,C.5,C.5,C.9,C.5,C.5,C.5
https://github.com/NVIDIA/Megatron-LM/issues/275,C.3,C.3,C.3,C.10,C.3,C.9,C.3,C.3
https://github.com/NVIDIA/Megatron-LM/issues/274,B.2,B.2,B.2,B.2,B.2,B.2,B.2,B.2
https://github.com/NVIDIA/Megatron-LM/issues/273,C.9,C.9,C.5,C.9,C.9,C.8,C.9,C.9
